shot_id_number,is_goal
1,0.3934543
8,0.5376055
17,0.6343311
20,0.6910563
33,0.37402543
34,0.40710238
35,0.6994505
36,0.64088815
37,0.70733297
38,0.39587379
45,0.54609096
50,0.37273833
55,0.26298785
60,0.25497094
66,0.4302716
67,0.40521792
71,0.40149447
80,0.35571593
85,0.45882222
86,0.41682342
95,0.4538965
104,0.42665452
113,0.3787702
123,0.40018198
126,0.43539545
133,0.71742636
141,0.42759368
144,0.36047712
150,0.5281052
152,0.45771965
153,0.55768526
156,0.6941953
159,0.7117713
165,0.52761114
172,0.42368102
182,0.69324815
192,0.41106537
193,0.71095693
196,0.42411482
202,0.39088762
210,0.30284733
211,0.37860036
228,0.6753907
257,0.443171
260,0.4491233
264,0.43281963
267,0.36491185
279,0.70720714
282,0.44489598
293,0.43335685
299,0.45602226
300,0.3974019
301,0.4274912
317,0.37289184
327,0.3659213
328,0.35203126
335,0.72309405
346,0.4595297
348,0.5195718
365,0.43799654
390,0.7013691
391,0.6778963
392,0.43908998
397,0.3967447
418,0.38698372
428,0.30950558
434,0.40834814
439,0.7261196
440,0.39237395
456,0.474453
459,0.43059787
472,0.4458662
480,0.409884
491,0.3286817
497,0.46367562
509,0.3827806
511,0.36951616
523,0.3752052
533,0.40783837
544,0.69563454
546,0.37526911
555,0.6752873
558,0.30192807
560,0.40730304
573,0.42360288
591,0.39994824
596,0.45797473
597,0.39290112
601,0.4298378
605,0.43665424
617,0.41796535
628,0.35077357
634,0.42394516
646,0.48573637
649,0.4351333
651,0.7111388
654,0.67791736
656,0.6920689
657,0.46102542
669,0.38442293
670,0.71930736
693,0.41652894
694,0.44509882
699,0.44184735
711,0.38811478
718,0.42036638
722,0.4255301
723,0.39087462
725,0.47743917
734,0.38991144
735,0.72433555
737,0.44981205
746,0.40662748
747,0.3994333
766,0.3608156
767,0.3960621
771,0.38153
773,0.48366705
774,0.45980093
783,0.48317644
784,0.43772194
789,0.4014322
792,0.4161641
804,0.3528781
809,0.43883067
812,0.35474914
813,0.4258092
817,0.4197186
820,0.35992
825,0.33988193
826,0.38979724
829,0.3275078
855,0.39230442
859,0.6985958
862,0.3576237
870,0.38984662
876,0.3962277
880,0.38468122
886,0.7176376
889,0.45554262
891,0.7215387
897,0.70628047
902,0.38637865
903,0.48685455
908,0.32286802
909,0.41922304
920,0.31927046
922,0.4255872
924,0.38950664
932,0.3590796
934,0.345933
937,0.3071854
941,0.40164343
943,0.4116458
950,0.40591234
952,0.3814159
954,0.72584057
963,0.36992174
975,0.40186763
979,0.41847274
981,0.48634428
983,0.23305325
985,0.72195303
989,0.70628047
995,0.43626818
998,0.6985958
1008,0.4271723
1019,0.69446886
1023,0.38615263
1026,0.3807703
1029,0.38585463
1034,0.41078702
1036,0.4108441
1038,0.3648544
1039,0.36519408
1051,0.5588284
1052,0.45488456
1066,0.40312132
1087,0.43677437
1092,0.27931595
1094,0.44785142
1098,0.44226065
1099,0.35453248
1102,0.37970826
1118,0.38314727
1131,0.4014882
1133,0.7208508
1135,0.70550793
1138,0.7125003
1139,0.695566
1142,0.39609897
1151,0.4065104
1152,0.40098694
1155,0.47344658
1165,0.39573288
1167,0.5231495
1172,0.55323666
1174,0.46631512
1180,0.72172785
1200,0.37840876
1202,0.40190116
1227,0.40271127
1228,0.6922104
1229,0.38058686
1237,0.7323062
1241,0.46208277
1256,0.3752689
1279,0.41477382
1293,0.63199335
1295,0.38651586
1319,0.7286542
1320,0.43373632
1321,0.46060118
1322,0.49156812
1334,0.23567854
1351,0.70447963
1373,0.7253633
1375,0.46744797
1380,0.4973695
1382,0.46646982
1385,0.7214798
1399,0.47921288
1403,0.7067537
1428,0.3840246
1434,0.24779189
1444,0.72288513
1448,0.3539855
1466,0.4159131
1476,0.39564067
1478,0.38121352
1485,0.36169997
1491,0.69283813
1494,0.39241695
1500,0.7203266
1501,0.40926108
1503,0.44327524
1519,0.7189936
1524,0.5029718
1529,0.400401
1533,0.6940761
1538,0.70930076
1539,0.41169772
1546,0.71924305
1555,0.39858207
1559,0.42410007
1563,0.51613635
1565,0.53262895
1574,0.3748139
1591,0.39634547
1594,0.45105052
1605,0.40899447
1611,0.43754995
1614,0.4166891
1620,0.40661475
1626,0.4004305
1630,0.407337
1632,0.37334698
1634,0.47793904
1643,0.39771697
1651,0.43749598
1655,0.41036588
1658,0.40335554
1659,0.4606244
1665,0.42895234
1675,0.45203838
1680,0.6616654
1690,0.4303788
1696,0.45712772
1714,0.4404513
1721,0.39797425
1726,0.4411999
1728,0.42101002
1734,0.41710663
1735,0.4108572
1740,0.48866916
1744,0.44272396
1747,0.34305263
1752,0.42709535
1763,0.66957605
1765,0.69221246
1769,0.4131305
1785,0.4268063
1787,0.41095293
1788,0.72979003
1793,0.3825478
1800,0.3840431
1825,0.45353702
1826,0.72288513
1834,0.33297965
1843,0.36107853
1844,0.35063955
1848,0.4009125
1849,0.7298099
1860,0.72551066
1863,0.7273899
1875,0.4165043
1883,0.40163854
1890,0.41026443
1892,0.33066177
1893,0.43113467
1897,0.4692474
1905,0.43043533
1908,0.41315266
1931,0.46839628
1940,0.7205485
1943,0.43657342
1947,0.19350676
1965,0.44394073
1967,0.44008103
1968,0.41747138
1972,0.7152348
1982,0.3947568
1985,0.41440472
2005,0.42347193
2010,0.4498194
2021,0.3943079
2024,0.38233614
2036,0.3958043
2043,0.42968175
2047,0.4178828
2049,0.42157996
2055,0.39364344
2065,0.41658807
2066,0.37958097
2070,0.47608843
2077,0.7074577
2085,0.47622272
2095,0.4020518
2097,0.6985958
2108,0.7234222
2112,0.48183158
2113,0.48920366
2122,0.31051466
2139,0.44246224
2144,0.348374
2146,0.46922472
2148,0.2403798
2149,0.72423714
2157,0.34825727
2159,0.39352334
2168,0.43981135
2176,0.6784392
2178,0.6967794
2181,0.41759315
2187,0.46567732
2188,0.39958075
2190,0.41020152
2194,0.72288513
2197,0.46462288
2214,0.34004587
2217,0.28222016
2222,0.44011298
2223,0.41071278
2226,0.4188428
2230,0.6929978
2240,0.7125337
2247,0.3221572
2250,0.48325896
2259,0.46204743
2262,0.46072707
2266,0.40690178
2305,0.38268137
2310,0.33940282
2313,0.7307936
2319,0.41228533
2320,0.43182445
2345,0.45221308
2350,0.7262429
2356,0.39810738
2360,0.38699746
2370,0.39948082
2386,0.36281982
2398,0.2765834
2414,0.69446886
2435,0.7074577
2439,0.7209964
2446,0.7121735
2458,0.40763384
2465,0.39088762
2466,0.4314169
2470,0.36731797
2495,0.67791736
2501,0.42839822
2507,0.45573935
2533,0.2048956
2537,0.42323145
2538,0.38766024
2541,0.4322196
2542,0.7217674
2544,0.45733446
2554,0.39790812
2555,0.41106144
2565,0.6425638
2575,0.6304906
2586,0.7234064
2588,0.4416284
2594,0.7243707
2617,0.712244
2618,0.42203107
2623,0.7234989
2631,0.72000164
2640,0.37849706
2642,0.7022293
2647,0.44189847
2663,0.3937056
2664,0.44116575
2676,0.41075212
2680,0.71937555
2681,0.36742765
2691,0.43138936
2693,0.43585715
2695,0.7232177
2704,0.3643609
2708,0.31786096
2709,0.71551967
2717,0.7232986
2722,0.43600053
2728,0.3779381
2732,0.69563454
2743,0.48516244
2752,0.4759859
2757,0.69446886
2761,0.72038287
2769,0.43437377
2771,0.68910944
2774,0.41874534
2776,0.40104657
2781,0.41534078
2793,0.4554012
2799,0.3545062
2803,0.40083632
2811,0.46668315
2818,0.3834779
2824,0.7083021
2828,0.7208619
2829,0.43806243
2830,0.42441902
2842,0.6765216
2847,0.7277908
2848,0.36627206
2868,0.37598053
2870,0.38208815
2885,0.3840093
2886,0.43240723
2889,0.45928243
2903,0.43052202
2904,0.680625
2918,0.33060855
2919,0.3710089
2922,0.43588388
2923,0.45542115
2931,0.37039474
2945,0.45082796
2955,0.41474643
2957,0.724641
2960,0.70117974
2963,0.4399132
2966,0.6713186
2972,0.43166783
2974,0.47901508
2982,0.38669845
2984,0.4256105
3016,0.7157481
3021,0.38709855
3023,0.66894704
3025,0.4412375
3029,0.45776203
3034,0.66848123
3038,0.3685627
3040,0.42450726
3051,0.41236943
3062,0.38142905
3069,0.37092918
3071,0.40392113
3076,0.72000164
3079,0.45686686
3081,0.4335284
3082,0.43377414
3084,0.44554183
3098,0.3838034
3104,0.36065587
3105,0.4364606
3114,0.7299895
3118,0.41839018
3122,0.44008842
3132,0.42484626
3138,0.46695513
3141,0.72288513
3156,0.71489745
3162,0.70906526
3167,0.34819776
3170,0.3805866
3171,0.37297818
3172,0.37578952
3176,0.71924305
3180,0.44302297
3189,0.40232405
3198,0.39871538
3206,0.44747075
3215,0.55752975
3222,0.66709715
3228,0.42994148
3229,0.36318246
3232,0.3089043
3233,0.4003872
3238,0.41005754
3256,0.6413259
3264,0.32849556
3273,0.4349283
3275,0.49427
3285,0.6348419
3289,0.33982795
3294,0.33089006
3306,0.38876143
3311,0.6973732
3318,0.4146508
3322,0.37030983
3324,0.42699587
3334,0.38660288
3341,0.4341513
3345,0.44805032
3346,0.71924305
3352,0.47191355
3368,0.39858207
3371,0.21230969
3372,0.43025175
3375,0.4235584
3384,0.3836525
3387,0.41120064
3393,0.45186374
3406,0.42929772
3411,0.4418412
3412,0.43555138
3414,0.3862561
3417,0.6269942
3420,0.72038287
3423,0.72309405
3436,0.46879828
3438,0.7075591
3442,0.37320486
3443,0.42656887
3451,0.4465363
3461,0.43392116
3489,0.3070256
3491,0.37975416
3510,0.4701557
3515,0.37232265
3527,0.47921538
3530,0.72515893
3540,0.3571329
3582,0.4129922
3604,0.7009551
3605,0.3862561
3609,0.4786526
3624,0.27111718
3628,0.72268575
3630,0.41130096
3641,0.38331065
3642,0.42225423
3648,0.3263635
3650,0.70209694
3652,0.7261196
3660,0.4115609
3664,0.40445146
3670,0.48118904
3672,0.43072814
3680,0.70295036
3682,0.6842202
3685,0.48411807
3686,0.4569566
3689,0.4315631
3705,0.41480172
3712,0.37757772
3713,0.37894827
3719,0.38227466
3721,0.31665787
3723,0.3407603
3724,0.36356878
3727,0.36830634
3733,0.3653988
3734,0.4485473
3742,0.35886952
3770,0.2501382
3777,0.33597767
3778,0.34385267
3780,0.49313894
3783,0.503501
3784,0.41412982
3788,0.37534386
3790,0.42125404
3794,0.38447312
3795,0.44803917
3796,0.39375314
3801,0.36676
3806,0.44437924
3813,0.44031185
3814,0.43743148
3818,0.69283813
3824,0.428948
3836,0.4706548
3853,0.4941161
3855,0.3964112
3858,0.70236653
3861,0.68215257
3866,0.4381578
3870,0.4499779
3874,0.67830765
3876,0.41379738
3878,0.39548564
3890,0.3503141
3900,0.70585454
3904,0.32403708
3906,0.40862882
3907,0.37447676
3908,0.2767377
3912,0.5464918
3918,0.7235159
3923,0.7220664
3924,0.36588818
3925,0.64620936
3927,0.41453934
3955,0.6798164
3964,0.5290356
3969,0.6778467
3974,0.6888596
3976,0.7215387
3984,0.40925428
3991,0.39883715
3993,0.5607938
4009,0.42919225
4011,0.40062916
4020,0.50269383
4033,0.33620435
4041,0.42190614
4045,0.7203266
4052,0.6754401
4055,0.35849372
4056,0.39511853
4057,0.40059242
4067,0.6798096
4069,0.43490726
4077,0.48753753
4094,0.36942333
4095,0.37650564
4100,0.51026165
4119,0.39339888
4130,0.48540106
4131,0.41340297
4132,0.4188268
4134,0.5308812
4137,0.53209186
4138,0.4115942
4143,0.40539882
4145,0.6147509
4148,0.43180814
4163,0.2247159
4166,0.4203193
4169,0.6785536
4170,0.3968641
4174,0.7200669
4180,0.39280623
4199,0.69563454
4201,0.4036082
4203,0.4151304
4210,0.19703457
4211,0.43021116
4213,0.71930736
4225,0.39242607
4235,0.45481107
4242,0.40459052
4245,0.33598518
4250,0.43951625
4252,0.42397958
4254,0.71600306
4263,0.71204376
4264,0.7048651
4268,0.32282224
4270,0.38171977
4282,0.71742636
4283,0.4577766
4291,0.42235845
4304,0.42332795
4306,0.40588558
4309,0.33355525
4310,0.4062821
4313,0.4322581
4314,0.39036694
4315,0.40137157
4321,0.33833912
4324,0.33259964
4325,0.3828096
4328,0.3796832
4329,0.29817134
4332,0.40149847
4337,0.40059468
4342,0.4011588
4344,0.40683436
4352,0.432521
4355,0.30942786
4366,0.35016614
4371,0.45285437
4372,0.3491843
4376,0.3930123
4384,0.38675416
4387,0.3646212
4389,0.39498705
4390,0.47618985
4406,0.3354643
4407,0.72195303
4409,0.7191826
4410,0.7053484
4424,0.42414296
4434,0.3869506
4452,0.64390486
4460,0.37587073
4470,0.7259865
4480,0.36141324
4496,0.7201341
4503,0.4211114
4512,0.38557097
4518,0.71877795
4519,0.3859089
4522,0.39973387
4525,0.38826972
4537,0.39441422
4546,0.44141555
4547,0.6573135
4553,0.39690885
4556,0.37722707
4558,0.4081845
4563,0.23298207
4568,0.40963808
4574,0.6942809
4578,0.43382582
4587,0.38799942
4592,0.38916785
4610,0.38790375
4615,0.7084506
4619,0.3517386
4620,0.3934371
4625,0.41439566
4635,0.40512785
4636,0.40116304
4641,0.3967916
4650,0.41124853
4653,0.7234064
4665,0.4361446
4668,0.703072
4669,0.3085367
4670,0.47638065
4674,0.38635793
4675,0.42460924
4676,0.64390486
4679,0.41986343
4680,0.70229185
4686,0.4410748
4699,0.47195345
4713,0.7200101
4718,0.41907015
4721,0.38195395
4722,0.38899186
4724,0.39352334
4730,0.5600199
4731,0.4328631
4735,0.365277
4743,0.36123773
4745,0.3957655
4746,0.44818372
4747,0.3512354
4748,0.48946637
4769,0.42081934
4771,0.3800204
4774,0.48542657
4784,0.38630912
4797,0.4304147
4801,0.3977984
4804,0.25695807
4820,0.46879697
4833,0.33488536
4834,0.3269416
4851,0.4161275
4859,0.2903167
4860,0.67650044
4863,0.35700622
4873,0.3972222
4881,0.4264764
4892,0.35745537
4908,0.71083015
4911,0.4031482
4915,0.37970418
4922,0.36867544
4929,0.7204436
4936,0.32368425
4939,0.4086267
4951,0.39989445
4956,0.41115588
4961,0.40284255
4964,0.39339986
4981,0.38748094
4991,0.7220664
4992,0.43325335
4997,0.41779798
5004,0.44901666
5010,0.4231539
5012,0.4215457
5015,0.22609623
5020,0.41480172
5030,0.42511332
5051,0.72551066
5052,0.71271473
5057,0.7252511
5058,0.7313054
5060,0.42509827
5061,0.35667852
5064,0.72584057
5078,0.45630187
5080,0.54798824
5088,0.39502952
5089,0.53643036
5090,0.36089984
5103,0.6962863
5108,0.4094183
5114,0.3843946
5115,0.3976534
5124,0.4883308
5137,0.7260394
5139,0.3562727
5144,0.4280929
5149,0.7354004
5157,0.3941737
5163,0.37194097
5174,0.40343702
5176,0.7190948
5179,0.38971856
5186,0.7277908
5203,0.44553396
5204,0.69553626
5206,0.39493957
5207,0.38137457
5220,0.44367203
5221,0.7200669
5224,0.33036593
5227,0.39349625
5229,0.3596752
5232,0.73118407
5240,0.72551066
5242,0.3871741
5243,0.4081486
5245,0.48588336
5248,0.72088873
5249,0.44257998
5254,0.3960479
5269,0.44257963
5272,0.40093258
5276,0.3815306
5286,0.73118407
5290,0.40536323
5308,0.6765216
5316,0.38905254
5318,0.71795183
5319,0.34546944
5320,0.444847
5322,0.2990885
5324,0.36371508
5331,0.4822782
5336,0.6929978
5344,0.7032195
5354,0.42845958
5356,0.2333993
5358,0.42629686
5361,0.3976055
5365,0.7200669
5370,0.4050534
5376,0.3936395
5383,0.36121583
5384,0.36662996
5385,0.40072966
5393,0.5602955
5397,0.36067778
5398,0.373338
5402,0.41257027
5407,0.47982934
5409,0.41268864
5425,0.72309405
5428,0.69283813
5430,0.4331216
5442,0.40468106
5447,0.7129918
5470,0.37632582
5485,0.32866627
5493,0.4238217
5502,0.40241516
5504,0.35153848
5517,0.44797912
5522,0.394629
5527,0.72309405
5528,0.44827607
5536,0.40149447
5545,0.42732134
5576,0.41426134
5577,0.4889947
5592,0.4623128
5594,0.39815447
5595,0.36942333
5596,0.33841527
5599,0.48191535
5606,0.7243707
5617,0.366914
5625,0.38786006
5626,0.42321947
5627,0.7112265
5642,0.67695385
5659,0.71400744
5664,0.7135942
5666,0.42080668
5671,0.44181818
5674,0.38737625
5677,0.4029197
5681,0.3153691
5683,0.29882255
5700,0.7031449
5713,0.7273899
5715,0.71710855
5718,0.3916129
5726,0.43473616
5738,0.3691573
5741,0.43224892
5743,0.41888228
5753,0.7018103
5761,0.49372756
5789,0.4283666
5797,0.3895648
5803,0.40501323
5810,0.7215387
5813,0.4800124
5817,0.3654319
5818,0.4430179
5822,0.44464883
5829,0.4156415
5846,0.72038287
5847,0.38252494
5854,0.39637995
5858,0.7009551
5863,0.37450862
5869,0.46691522
5870,0.44645607
5876,0.44075704
5881,0.43503276
5901,0.4046796
5922,0.286831
5928,0.7204197
5933,0.6942809
5934,0.7185561
5946,0.41012463
5951,0.44697455
5955,0.3476871
5956,0.7135942
5965,0.28944358
5972,0.41935375
5981,0.46017694
5997,0.68461746
6005,0.37439817
6009,0.4525437
6010,0.42053288
6015,0.32781824
6039,0.44669735
6047,0.71068794
6051,0.1832426
6056,0.41919205
6061,0.3628863
6064,0.38476634
6065,0.4160327
6070,0.39027527
6085,0.71877795
6086,0.34218594
6091,0.7262429
6097,0.47660965
6099,0.7123859
6104,0.67982745
6108,0.7243707
6109,0.7353636
6124,0.47980455
6142,0.6941266
6144,0.34927002
6150,0.29897806
6154,0.7260394
6155,0.4843692
6156,0.71800303
6158,0.3511579
6159,0.69149363
6169,0.7041376
6170,0.18389238
6179,0.32512414
6184,0.39881015
6186,0.7190948
6204,0.15864143
6230,0.7200669
6231,0.4116945
6232,0.72309405
6235,0.336666
6237,0.7200669
6239,0.38166368
6263,0.70640856
6265,0.3092075
6270,0.4666996
6271,0.43935487
6278,0.70927787
6279,0.71533334
6288,0.4108978
6294,0.39403647
6295,0.39394042
6302,0.43465632
6306,0.32916516
6322,0.7057617
6324,0.42264402
6327,0.43192717
6331,0.7228953
6334,0.4345351
6338,0.4285716
6339,0.36975792
6362,0.37507647
6372,0.69286543
6375,0.46155506
6393,0.43321192
6394,0.7135942
6405,0.6891482
6406,0.38227466
6416,0.4509123
6421,0.72088873
6422,0.3925528
6440,0.55382895
6457,0.703535
6460,0.43336606
6463,0.7118206
6474,0.69924414
6476,0.4080985
6477,0.36334103
6482,0.7271094
6488,0.39359343
6489,0.43330857
6494,0.3446691
6499,0.43702453
6507,0.32435286
6524,0.3714771
6527,0.29698324
6531,0.3142341
6536,0.71795183
6538,0.101899214
6542,0.38568577
6565,0.39280623
6584,0.39580986
6588,0.4254621
6597,0.39965957
6603,0.7055153
6609,0.6798164
6613,0.7243707
6622,0.37384027
6630,0.36259925
6637,0.49522066
6639,0.7103237
6640,0.2465742
6646,0.40666676
6647,0.7203266
6648,0.7203266
6669,0.3666626
6680,0.29445437
6681,0.33916277
6684,0.03711797
6693,0.3633237
6694,0.36785167
6704,0.4638864
6706,0.70201904
6710,0.36920363
6713,0.48676792
6718,0.41012037
6732,0.3958933
6737,0.5023142
6739,0.33758974
6742,0.44092023
6746,0.40551773
6753,0.36365706
6771,0.44721067
6784,0.46235824
6790,0.700383
6795,0.7135942
6807,0.4123489
6808,0.46448988
6818,0.44226414
6823,0.3838485
6830,0.5646658
6831,0.7032195
6832,0.38803315
6836,0.4426827
6846,0.40827
6850,0.37865543
6854,0.3801929
6868,0.72000164
6876,0.37307212
6877,0.43899527
6881,0.22429332
6882,0.34083772
6884,0.47195345
6886,0.43438074
6901,0.36167702
6910,0.38588282
6913,0.4115166
6914,0.7260394
6918,0.6346253
6930,0.4682234
6941,0.38783216
6944,0.35926417
6945,0.4615793
6947,0.6909947
6949,0.69803727
6952,0.69197553
6963,0.4028065
6964,0.7030773
6972,0.69563454
6979,0.4889142
6981,0.35520864
6988,0.71877795
6990,0.4027871
6998,0.4012481
7004,0.40639746
7016,0.39381865
7027,0.37650615
7042,0.4485731
7056,0.40381977
7061,0.4584243
7069,0.35015538
7071,0.46318206
7088,0.43861368
7099,0.42974207
7108,0.38775745
7121,0.6942809
7125,0.71680945
7136,0.4333761
7149,0.36099014
7150,0.37004998
7151,0.3456817
7167,0.3731147
7177,0.6778963
7178,0.27039734
7183,0.48736647
7186,0.37509486
7190,0.3962943
7201,0.42186743
7202,0.40938053
7207,0.4175895
7213,0.40296477
7224,0.42509827
7225,0.43079406
7233,0.40515265
7239,0.44050133
7246,0.46822962
7248,0.4047341
7261,0.7204436
7264,0.39472726
7266,0.29854137
7274,0.35219723
7279,0.4909129
7293,0.34660226
7315,0.2541291
7322,0.4276399
7326,0.72195303
7341,0.3650783
7363,0.71877795
7365,0.39212823
7371,0.4146061
7377,0.3829624
7393,0.72767794
7405,0.47280163
7410,0.6942809
7434,0.43898728
7438,0.41449463
7447,0.40841934
7450,0.43346864
7452,0.38966072
7453,0.11985787
7455,0.34518072
7456,0.40920517
7457,0.7195033
7466,0.7074105
7470,0.6949424
7474,0.38636938
7487,0.39411852
7488,0.4740587
7492,0.44177577
7496,0.36318287
7501,0.45948783
7505,0.45508194
7512,0.2742464
7526,0.4591781
7536,0.44272396
7538,0.70650667
7539,0.40956497
7544,0.72038287
7554,0.37453803
7564,0.4461511
7566,0.4524574
7580,0.38269833
7581,0.40373015
7584,0.40822956
7587,0.3607853
7589,0.41600725
7590,0.45532572
7594,0.32222334
7597,0.39514434
7602,0.72584057
7603,0.360667
7605,0.43232447
7609,0.42463946
7613,0.44037178
7619,0.41098222
7625,0.4588466
7626,0.7191826
7636,0.7194019
7639,0.54732114
7641,0.40358847
7643,0.69548583
7644,0.37840283
7657,0.40772834
7661,0.42923015
7666,0.38516882
7673,0.48068407
7683,0.6916377
7685,0.418919
7699,0.47518748
7704,0.44754905
7705,0.43448207
7708,0.44703203
7728,0.5145415
7733,0.40884092
7741,0.4848405
7743,0.42588866
7745,0.35412842
7754,0.48191535
7756,0.41551384
7757,0.4439893
7770,0.39441395
7773,0.7176376
7774,0.39807802
7776,0.7203176
7777,0.3129106
7778,0.3338513
7781,0.7031449
7784,0.3897002
7789,0.724641
7794,0.34109926
7799,0.48714525
7801,0.48508075
7818,0.39143094
7823,0.3760619
7828,0.40545878
7832,0.4363004
7839,0.42116576
7851,0.40768892
7856,0.4220951
7868,0.6942809
7869,0.23154917
7872,0.33201668
7874,0.35833648
7878,0.2678895
7888,0.4785811
7913,0.34224588
7923,0.4178283
7925,0.68910944
7926,0.4183518
7938,0.36720362
7942,0.6765216
7945,0.40932426
7954,0.441399
7963,0.4281467
7969,0.40987656
7970,0.7109925
7977,0.72172785
7981,0.39123204
7990,0.43265837
8020,0.43490484
8023,0.38154045
8025,0.37763962
8034,0.7200669
8039,0.42561787
8046,0.45926362
8051,0.42555195
8055,0.34429282
8060,0.39113623
8063,0.36303458
8073,0.72717494
8074,0.3637435
8076,0.43173662
8080,0.40293404
8088,0.38630912
8102,0.38017926
8103,0.7234989
8104,0.7195033
8105,0.38711312
8109,0.44967055
8115,0.7243707
8121,0.4907227
8126,0.45306215
8135,0.4806486
8153,0.46441287
8156,0.36775547
8160,0.45748824
8161,0.49039724
8162,0.48968822
8171,0.3673901
8181,0.36442217
8183,0.364828
8185,0.38386324
8191,0.7256407
8203,0.2659846
8204,0.7287677
8207,0.45675066
8208,0.45083493
8209,0.43502316
8210,0.4198822
8225,0.39913833
8226,0.37977836
8231,0.3532928
8233,0.20980544
8244,0.55993146
8250,0.32490027
8261,0.72717494
8265,0.39352334
8278,0.38747823
8279,0.41208246
8280,0.44445193
8296,0.68626964
8299,0.43960977
8300,0.442146
8301,0.49375
8305,0.44898412
8327,0.36006775
8334,0.4496731
8349,0.31964055
8355,0.28957734
8361,0.4309249
8362,0.38183388
8364,0.3734846
8365,0.3885393
8375,0.35103673
8378,0.46295992
8380,0.41228533
8381,0.42463946
8387,0.4361003
8399,0.6778256
8402,0.724641
8409,0.40481383
8433,0.74104464
8436,0.4078669
8442,0.3837564
8448,0.38648388
8464,0.3969431
8469,0.35269773
8474,0.38979724
8478,0.45766187
8482,0.37739226
8490,0.21746966
8510,0.40916735
8511,0.37061968
8527,0.33013025
8532,0.29879463
8533,0.33073854
8538,0.37836534
8541,0.3858007
8545,0.4152419
8553,0.43652412
8554,0.39514434
8555,0.37566164
8569,0.31443083
8586,0.46714392
8593,0.396514
8600,0.68130326
8606,0.43154496
8607,0.27667722
8611,0.38845953
8613,0.4331676
8618,0.7213443
8630,0.37265465
8637,0.40603745
8650,0.39935672
8652,0.22582196
8661,0.722598
8669,0.35832632
8673,0.3924412
8674,0.39781052
8678,0.698742
8682,0.36703357
8688,0.492574
8689,0.58795387
8695,0.35177347
8698,0.3896482
8703,0.38042203
8709,0.37318927
8716,0.401961
8723,0.37578937
8737,0.3227107
8753,0.37819183
8773,0.7220664
8774,0.37937805
8778,0.71742636
8786,0.3907209
8794,0.7074648
8795,0.46755722
8800,0.32716292
8804,0.40231088
8808,0.39877698
8809,0.4264032
8817,0.71924305
8818,0.38851336
8825,0.37610218
8830,0.40236583
8833,0.39699954
8834,0.29674506
8836,0.42957133
8837,0.35794362
8844,0.251194
8851,0.30075392
8861,0.7074577
8864,0.3921564
8865,0.36880735
8869,0.2592753
8873,0.70229185
8880,0.42520115
8884,0.36788172
8888,0.33072194
8889,0.37424856
8891,0.71073276
8893,0.373282
8897,0.47354227
8905,0.38766515
8910,0.69551784
8918,0.70760334
8939,0.37135565
8940,0.40653867
8941,0.327872
8944,0.34483862
8949,0.3721864
8950,0.34624997
8958,0.4485731
8967,0.7243707
8975,0.26114878
8979,0.37938377
8980,0.3394026
8991,0.22913603
8995,0.21362263
8996,0.33226663
8998,0.63229305
9000,0.40541223
9001,0.4751998
9002,0.40580964
9024,0.4507705
9026,0.39705598
9027,0.42297372
9034,0.41108528
9038,0.36903733
9050,0.4116644
9052,0.4311393
9054,0.4300285
9078,0.7234064
9097,0.40975085
9109,0.34535387
9112,0.4998832
9115,0.42480767
9125,0.7057617
9132,0.39532894
9136,0.41210738
9139,0.3378712
9140,0.37867853
9142,0.39887986
9143,0.39821616
9147,0.3779426
9159,0.39452156
9165,0.62077147
9172,0.4292494
9177,0.3692853
9179,0.30474797
9185,0.36569723
9196,0.6937808
9201,0.43424034
9209,0.41665158
9210,0.4367429
9212,0.3564746
9214,0.382973
9240,0.7169096
9241,0.45246416
9244,0.42625389
9249,0.2852732
9250,0.3733359
9255,0.43424034
9258,0.39068782
9263,0.31246707
9266,0.37613803
9269,0.41630626
9272,0.37190038
9276,0.66829866
9290,0.388048
9299,0.34582984
9303,0.33866653
9310,0.12171597
9311,0.36731392
9314,0.4086837
9315,0.7234989
9325,0.46917024
9328,0.39353812
9329,0.5600677
9332,0.7123422
9337,0.67060596
9353,0.46994412
9355,0.38418397
9356,0.71795183
9362,0.46299744
9364,0.70229185
9366,0.7200669
9387,0.7191826
9388,0.72172785
9396,0.7287677
9400,0.30245814
9406,0.41149092
9411,0.38690713
9416,0.46265975
9417,0.754675
9423,0.6929978
9425,0.72423714
9426,0.4397222
9427,0.3923686
9429,0.68910944
9430,0.40181598
9434,0.46491256
9442,0.45664844
9458,0.42012748
9476,0.3882795
9481,0.39885396
9483,0.43100172
9484,0.4083858
9487,0.68129367
9488,0.38401732
9490,0.32529294
9502,0.71877795
9505,0.31934306
9509,0.7048651
9515,0.44336426
9516,0.36576068
9532,0.39585584
9539,0.44309255
9542,0.68626964
9549,0.35447875
9550,0.42690408
9553,0.45047158
9554,0.3546042
9561,0.47088912
9566,0.43465993
9571,0.39312935
9577,0.3860969
9584,0.38251135
9592,0.40978706
9596,0.68834925
9602,0.3396446
9603,0.26352796
9604,0.73118407
9608,0.7286542
9609,0.45761314
9613,0.42272377
9623,0.36973453
9630,0.7213556
9633,0.44142297
9648,0.36686885
9665,0.7229351
9668,0.38698897
9678,0.42895308
9679,0.38516128
9693,0.71877795
9718,0.7190948
9720,0.70640856
9744,0.40314215
9745,0.29465103
9746,0.64390486
9753,0.35361913
9758,0.7103773
9759,0.3994333
9763,0.39236602
9766,0.34534034
9767,0.36467513
9777,0.38914508
9781,0.4356236
9789,0.36375692
9790,0.36453766
9799,0.43710333
9802,0.2949111
9805,0.7238242
9807,0.4199991
9812,0.4376271
9818,0.41105825
9820,0.7323062
9822,0.461948
9824,0.7208508
9834,0.7217674
9836,0.29365146
9847,0.39668173
9864,0.7256682
9869,0.35234016
9875,0.3924984
9880,0.411546
9889,0.7204436
9894,0.34263125
9909,0.71767294
9915,0.40375733
9919,0.45981434
9920,0.6886525
9940,0.42796567
9946,0.42774945
9958,0.7252511
9959,0.4012068
9973,0.46630588
9976,0.38316548
9978,0.41697425
9982,0.39151478
9987,0.3537456
9988,0.45376244
9992,0.4640301
10000,0.15867749
10002,0.44787732
10005,0.39622927
10008,0.4021308
10009,0.409552
10011,0.39791593
10021,0.39325988
10022,0.70550793
10053,0.36633646
10074,0.33346462
10076,0.4224939
10090,0.6980749
10092,0.2812479
10099,0.43400556
10102,0.36927503
10103,0.34535387
10106,0.4096562
10108,0.7116135
10113,0.7031449
10119,0.31890094
10122,0.50189555
10125,0.44195914
10140,0.49738216
10155,0.3328242
10159,0.42436194
10164,0.50563776
10175,0.42551938
10176,0.4549748
10178,0.4101062
10186,0.71899253
10200,0.37194097
10204,0.70628047
10206,0.7031449
10211,0.42480767
10212,0.39230442
10217,0.440231
10220,0.72309405
10230,0.7258495
10234,0.41712818
10235,0.4031218
10239,0.36161235
10240,0.4089354
10242,0.38280472
10245,0.33951935
10246,0.68808657
10247,0.36529914
10250,0.34833658
10254,0.73100495
10257,0.42176127
10260,0.4643524
10261,0.6861133
10265,0.3992087
10273,0.40187085
10274,0.29870728
10277,0.45903558
10289,0.7018103
10290,0.30493185
10298,0.4193072
10301,0.38522157
10304,0.7200669
10305,0.4351112
10313,0.42094514
10320,0.31849158
10323,0.33586335
10328,0.4487385
10332,0.6941953
10336,0.7258495
10343,0.3924412
10348,0.7215387
10350,0.4362208
10351,0.38211426
10354,0.33065212
10372,0.39065984
10373,0.47400436
10380,0.34603775
10383,0.4408408
10396,0.68624884
10397,0.65486187
10399,0.6520942
10400,0.62310916
10401,0.4134788
10402,0.4459257
10403,0.6395597
10410,0.6534764
10412,0.40492666
10415,0.3648544
10424,0.37283117
10428,0.42027533
10432,0.37147433
10462,0.71877795
10477,0.3338517
10482,0.3824987
10484,0.37135565
10493,0.40676606
10495,0.45574915
10497,0.39240697
10516,0.39351323
10521,0.23276736
10522,0.36588547
10523,0.45482546
10528,0.3749378
10530,0.36771214
10532,0.3866098
10533,0.36488187
10543,0.64417285
10547,0.38321388
10552,0.38894027
10558,0.42393804
10571,0.3948108
10572,0.26853332
10574,0.30230194
10583,0.6843408
10600,0.4601399
10607,0.426987
10608,0.40824997
10614,0.20156768
10630,0.3359559
10634,0.44828317
10635,0.36307278
10641,0.6985958
10643,0.39722678
10644,0.71000475
10648,0.4045813
10669,0.38179612
10675,0.42157996
10686,0.7004405
10704,0.40431356
10707,0.38495743
10722,0.32502306
10736,0.71044195
10764,0.45386022
10767,0.71877795
10776,0.43725637
10779,0.537051
10781,0.4071018
10792,0.6929978
10797,0.41944247
10798,0.35615033
10801,0.4204236
10802,0.3734338
10805,0.44431832
10808,0.4039081
10810,0.67650044
10816,0.34305263
10817,0.3406095
10829,0.71204376
10843,0.50031626
10858,0.70348966
10866,0.3956134
10876,0.42752188
10887,0.30715102
10891,0.3693349
10896,0.4188818
10900,0.41726533
10905,0.4223301
10907,0.4033751
10917,0.20714106
10936,0.70008224
10947,0.33951935
10948,0.6899176
10951,0.4084717
10955,0.301599
10969,0.3800108
10984,0.36061925
10987,0.37154225
10990,0.27660555
10992,0.67695385
10996,0.39418334
10997,0.43170768
10999,0.41182393
11000,0.7234989
11001,0.3967398
11010,0.7203176
11016,0.7271094
11018,0.71527636
11034,0.72551775
11039,0.41495785
11041,0.42518675
11047,0.3876222
11053,0.39918736
11055,0.31132048
11056,0.3959721
11065,0.410336
11068,0.42985952
11070,0.4011588
11071,0.39330435
11072,0.46858558
11079,0.7215387
11091,0.3725835
11094,0.3985886
11112,0.7213556
11113,0.71742636
11128,0.42410076
11153,0.37394428
11154,0.07985095
11163,0.40728092
11179,0.4702761
11181,0.44190106
11206,0.39047933
11216,0.45784047
11221,0.41381493
11223,0.46083787
11228,0.46883416
11235,0.39117914
11237,0.5290356
11244,0.25516057
11256,0.50465095
11267,0.38732582
11272,0.70878464
11281,0.42666957
11285,0.47591665
11288,0.72484785
11291,0.38771084
11293,0.39375314
11297,0.3906053
11298,0.4403419
11299,0.3744768
11301,0.35292858
11309,0.46412325
11331,0.41920653
11332,0.46855214
11337,0.33925143
11343,0.7271094
11347,0.37944555
11348,0.47877118
11355,0.7067175
11368,0.3481818
11369,0.41452602
11371,0.7232177
11378,0.37015763
11384,0.43193072
11387,0.40029058
11393,0.31024724
11399,0.47867724
11412,0.43515328
11431,0.34119466
11432,0.34358022
11444,0.6778963
11450,0.7180468
11451,0.40375066
11476,0.3978327
11488,0.39912257
11495,0.67791736
11505,0.46415782
11508,0.7271094
11518,0.71877795
11522,0.22718672
11524,0.7256682
11533,0.7165356
11549,0.6765216
11551,0.71371764
11560,0.3838034
11563,0.36605975
11565,0.69867426
11567,0.38869908
11569,0.38189465
11598,0.45305178
11604,0.41861695
11611,0.45729208
11617,0.72038287
11626,0.70229185
11642,0.4230054
11643,0.32923964
11648,0.40730304
11651,0.38746682
11663,0.3073612
11666,0.70908374
11685,0.5308971
11686,0.34672168
11698,0.26571417
11708,0.44175568
11711,0.38159004
11718,0.3669267
11742,0.36861518
11761,0.44079185
11767,0.4195405
11768,0.3959701
11775,0.39865094
11779,0.7030773
11786,0.72288513
11790,0.65760374
11791,0.38811478
11796,0.19022517
11806,0.41484115
11810,0.42173153
11811,0.38962582
11814,0.6941953
11816,0.38724142
11820,0.43961883
11822,0.4034717
11829,0.37159497
11832,0.36369663
11834,0.6778256
11836,0.3521775
11837,0.45450243
11844,0.4322581
11847,0.49594194
11864,0.7220664
11865,0.41583154
11872,0.44250193
11873,0.7201341
11886,0.69397056
11894,0.4491486
11905,0.37860036
11906,0.28280887
11907,0.39997917
11912,0.27892888
11914,0.5741072
11918,0.41935638
11924,0.38724142
11929,0.71400744
11930,0.38413525
11936,0.40137157
11937,0.41869769
11954,0.7032195
11957,0.4359614
11964,0.42816207
11968,0.16589361
11972,0.7331335
11976,0.4383362
11979,0.2997783
11981,0.3664141
11983,0.4165676
11989,0.1578442
11991,0.38261113
11998,0.35663015
12003,0.43081734
12007,0.40250212
12011,0.38380942
12014,0.39428213
12024,0.2479406
12033,0.423879
12034,0.39241028
12041,0.32129103
12046,0.71000475
12056,0.40412265
12064,0.3868502
12069,0.34249002
12070,0.35199824
12071,0.38428953
12072,0.41160536
12078,0.3298466
12091,0.4576783
12092,0.70859224
12094,0.4529759
12098,0.40745834
12103,0.38680792
12115,0.72288513
12118,0.7075591
12122,0.3089043
12125,0.7258495
12133,0.40412265
12137,0.72767794
12141,0.31543162
12143,0.43773347
12144,0.7210187
12154,0.3294956
12163,0.40545878
12170,0.40256333
12193,0.30694205
12196,0.39937323
12206,0.46752205
12209,0.6822909
12214,0.42557555
12228,0.3292867
12233,0.43053803
12238,0.6962928
12242,0.3387654
12245,0.431776
12247,0.4175368
12251,0.35029334
12287,0.444499
12292,0.69283813
12304,0.3915169
12317,0.67791736
12320,0.7282801
12323,0.69563454
12328,0.4329816
12333,0.69987637
12334,0.3769903
12335,0.37414545
12352,0.7215622
12358,0.35376748
12364,0.42990476
12376,0.35092306
12396,0.42623731
12402,0.71710855
12406,0.3590222
12408,0.25580648
12410,0.67032766
12413,0.34037367
12417,0.3583224
12424,0.38799918
12425,0.36137363
12426,0.32593402
12430,0.36224946
12432,0.69283813
12433,0.3855732
12451,0.2402105
12457,0.42878368
12465,0.7307936
12468,0.43473408
12474,0.41580573
12475,0.72038287
12486,0.69270945
12487,0.399003
12514,0.38535994
12524,0.5554981
12526,0.3778798
12530,0.41552973
12532,0.2443176
12593,0.43628043
12599,0.4601456
12600,0.38631573
12603,0.43181875
12624,0.73118407
12630,0.44234222
12638,0.42848417
12641,0.7220912
12643,0.72584057
12656,0.40860802
12666,0.42093667
12673,0.72551066
12675,0.46462288
12678,0.43883866
12692,0.17401968
12693,0.7244412
12707,0.4357346
12711,0.7018103
12716,0.45309833
12717,0.71489745
12723,0.46364087
12738,0.32421714
12742,0.31623602
12746,0.354179
12753,0.7205485
12758,0.3925129
12760,0.279457
12763,0.40698844
12764,0.4294214
12768,0.38837093
12776,0.38652825
12777,0.4006262
12783,0.6778963
12804,0.38865283
12824,0.31682158
12839,0.39887607
12847,0.45655867
12850,0.7121332
12867,0.71680945
12883,0.47420195
12887,0.3216747
12890,0.307212
12903,0.4262278
12906,0.322173
12907,0.19506222
12909,0.47338396
12912,0.40730304
12915,0.28278118
12930,0.3752383
12931,0.39645422
12934,0.36337596
12951,0.3786198
12955,0.41919205
12973,0.7243707
12988,0.3183559
12999,0.38189307
13015,0.3654319
13026,0.45521078
13036,0.34787333
13039,0.34098652
13040,0.43372324
13041,0.7236761
13043,0.71924305
13057,0.38384795
13064,0.36720362
13068,0.7277816
13069,0.50455856
13073,0.40025243
13079,0.71489745
13086,0.3001396
13089,0.475057
13093,0.36971453
13097,0.6868263
13098,0.38509226
13105,0.36939743
13107,0.46944308
13108,0.46970642
13110,0.38595334
13112,0.48269933
13114,0.4007324
13118,0.41236308
13127,0.33090237
13129,0.28334117
13142,0.7220664
13146,0.7084506
13149,0.69283813
13157,0.38629726
13158,0.4345159
13159,0.45995668
13161,0.43958253
13162,0.40034124
13166,0.40932938
13168,0.39117914
13170,0.70348966
13186,0.38704973
13191,0.43749598
13203,0.39361566
13209,0.40259215
13212,0.4396392
13213,0.33562493
13222,0.43963727
13229,0.41847193
13234,0.4674876
13257,0.7191826
13258,0.39113623
13268,0.44063511
13270,0.42021903
13291,0.43442592
13292,0.32293755
13299,0.41366225
13307,0.663123
13309,0.33955312
13311,0.43424034
13312,0.42509827
13322,0.3393773
13324,0.7286542
13330,0.45529094
13338,0.42769098
13344,0.47938892
13348,0.25141937
13355,0.47136906
13365,0.7189936
13368,0.4696656
13370,0.44382966
13372,0.4695608
13377,0.47624364
13385,0.6712294
13389,0.38833457
13393,0.7234989
13395,0.48927373
13404,0.42221975
13411,0.4356063
13416,0.4304399
13434,0.39825448
13435,0.40924546
13445,0.36692816
13446,0.3499568
13451,0.71877795
13462,0.4021308
13464,0.3730379
13466,0.35678375
13471,0.36386698
13472,0.70856833
13477,0.63199335
13481,0.4179568
13484,0.43763146
13490,0.34839508
13492,0.3941506
13500,0.430283
13508,0.40708557
13516,0.3701869
13525,0.3737179
13526,0.70908374
13530,0.4310073
13532,0.3691299
13538,0.35175112
13546,0.42810452
13548,0.38765904
13550,0.7243707
13551,0.44327524
13564,0.42843148
13566,0.70128685
13570,0.4314169
13580,0.4523739
13585,0.43382582
13588,0.28962067
13592,0.7053484
13594,0.37223303
13609,0.42935383
13610,0.4771983
13613,0.30780733
13625,0.42420805
13626,0.7162227
13639,0.7273899
13645,0.7056692
13647,0.42032236
13648,0.31107202
13652,0.7234989
13654,0.7208508
13664,0.71877795
13673,0.36075467
13684,0.40897524
13690,0.36657536
13693,0.4576326
13696,0.43755785
13700,0.4225022
13701,0.33821392
13707,0.456396
13713,0.37589103
13714,0.3647821
13716,0.40037626
13720,0.35056213
13727,0.43387228
13733,0.37275082
13738,0.39379686
13757,0.36178896
13759,0.44619212
13761,0.7203266
13767,0.464011
13782,0.41485104
13786,0.3696145
13787,0.37939587
13792,0.4554342
13795,0.4208362
13798,0.5592868
13807,0.2602173
13809,0.4234632
13811,0.3391181
13815,0.404874
13817,0.40828964
13818,0.44395036
13822,0.39257222
13824,0.27408153
13829,0.4696372
13832,0.62479895
13840,0.49921456
13841,0.54818916
13868,0.4545456
13871,0.6817367
13880,0.38458684
13888,0.4235903
13890,0.7083021
13891,0.39869776
13895,0.36705527
13907,0.3648544
13910,0.43970725
13912,0.46804705
13913,0.39452156
13923,0.42507678
13929,0.45781848
13936,0.44080162
13946,0.4583531
13950,0.6726885
13951,0.34668723
13954,0.43501318
13958,0.48819366
13969,0.37523735
13980,0.32355112
13981,0.7256682
13986,0.38597187
13987,0.30660087
13989,0.41242787
13992,0.42058343
13994,0.7307936
14001,0.480221
14002,0.4198475
14004,0.4069803
14006,0.42957163
14012,0.46088284
14021,0.38101712
14024,0.44598687
14045,0.383098
14047,0.41633692
14057,0.4258462
14059,0.36953282
14060,0.37441286
14068,0.28553197
14070,0.38520947
14074,0.3947538
14076,0.45944914
14089,0.43380672
14115,0.43837962
14116,0.42923015
14128,0.42021334
14131,0.3960262
14134,0.71489745
14137,0.39587379
14138,0.3781503
14139,0.71524125
14152,0.43991596
14153,0.7234989
14155,0.4335976
14156,0.6546199
14164,0.481363
14165,0.7243707
14171,0.34509975
14174,0.37287858
14181,0.7029682
14186,0.4625225
14192,0.36786866
14201,0.43867135
14210,0.72038287
14214,0.4226629
14231,0.42857638
14236,0.48492137
14241,0.7092707
14245,0.39388943
14249,0.41285673
14251,0.6514908
14262,0.39580265
14265,0.30762085
14267,0.39668745
14270,0.7307936
14276,0.42961547
14279,0.226813
14281,0.4221022
14289,0.4407313
14290,0.4592418
14293,0.4228449
14295,0.54804975
14297,0.46996567
14298,0.5618681
14310,0.3387774
14312,0.69977266
14315,0.6962928
14318,0.4259573
14319,0.3673367
14325,0.44257748
14331,0.38699746
14334,0.32202283
14341,0.41330346
14343,0.72705144
14344,0.45489353
14346,0.42509827
14347,0.41300935
14349,0.39169884
14352,0.37950036
14358,0.37349886
14361,0.47133335
14363,0.47890854
14374,0.47856882
14376,0.7217759
14381,0.44532692
14398,0.34280738
14410,0.39654145
14412,0.6442003
14415,0.71972555
14423,0.4580983
14425,0.39000985
14436,0.40903118
14444,0.4541525
14455,0.6821164
14465,0.37822402
14469,0.7204436
14471,0.4123605
14475,0.50314665
14479,0.3615276
14480,0.3706002
14488,0.33740106
14491,0.69600964
14501,0.41141045
14520,0.44742203
14522,0.49878168
14523,0.3966061
14537,0.54941845
14538,0.43932313
14550,0.37615788
14561,0.3802441
14575,0.7234989
14586,0.40202144
14592,0.72767794
14601,0.41873214
14602,0.3580752
14604,0.4902922
14606,0.42699903
14627,0.40545878
14641,0.4637758
14652,0.4131868
14662,0.40940514
14665,0.3675301
14673,0.38529575
14675,0.68087506
14679,0.44435978
14683,0.4199895
14686,0.38019794
14705,0.5452395
14708,0.44979632
14709,0.47037587
14710,0.3475778
14715,0.406483
14717,0.43447286
14723,0.42561755
14725,0.45209742
14727,0.44177875
14728,0.38837788
14735,0.40112334
14746,0.41919205
14752,0.6831949
14757,0.39895567
14762,0.3672509
14763,0.33248073
14797,0.396514
14812,0.30316028
14818,0.4263445
14825,0.42441902
14827,0.38805878
14829,0.38022724
14830,0.72038287
14837,0.42953575
14849,0.7190948
14863,0.40143254
14869,0.42482913
14882,0.43328735
14884,0.4296865
14886,0.43959388
14888,0.7053622
14890,0.36337596
14904,0.36616766
14938,0.7018103
14952,0.3567362
14958,0.40467262
14963,0.40523812
14979,0.4785918
14980,0.3160425
14986,0.4366816
14988,0.6975731
15003,0.46026027
15006,0.70908374
15009,0.7243707
15015,0.2945598
15024,0.40783554
15030,0.41656294
15036,0.70295036
15038,0.4406372
15039,0.74306107
15047,0.7049746
15049,0.42022488
15056,0.69283813
15068,0.3916564
15070,0.38564432
15073,0.36996093
15081,0.42738697
15084,0.44412783
15088,0.7220664
15092,0.43689647
15095,0.3590422
15097,0.42426777
15098,0.36603874
15115,0.46486366
15120,0.71924305
15126,0.30385002
15133,0.45917583
15143,0.41845107
15156,0.57931453
15164,0.45140427
15178,0.42315596
15198,0.6675571
15200,0.46040326
15208,0.21710776
15214,0.47400078
15218,0.39015546
15231,0.3833461
15238,0.35295
15239,0.38288406
15240,0.38661435
15249,0.39339468
15256,0.3219365
15260,0.4467595
15290,0.72268575
15307,0.71412134
15308,0.45488697
15321,0.43017867
15323,0.44508246
15325,0.3976089
15342,0.6778963
15346,0.45693618
15349,0.42256874
15354,0.41280138
15362,0.43679452
15379,0.43973038
15383,0.44076937
15394,0.2852808
15401,0.5113396
15405,0.38961667
15407,0.38769588
15412,0.43030396
15413,0.41682342
15415,0.50813293
15427,0.41055915
15430,0.41708887
15436,0.3937056
15439,0.40037438
15443,0.6765216
15444,0.41773382
15445,0.7287677
15450,0.39134017
15456,0.7200669
15465,0.55272835
15466,0.43180814
15470,0.34135994
15474,0.44462952
15476,0.35070205
15482,0.47092745
15492,0.69563454
15510,0.40433323
15519,0.4141572
15523,0.22718672
15535,0.41366515
15561,0.7296839
15564,0.43997964
15566,0.39989445
15579,0.3650903
15580,0.3776051
15581,0.38536063
15587,0.4154243
15589,0.4227943
15591,0.40961295
15597,0.3021968
15620,0.47778663
15627,0.42082095
15636,0.6941953
15653,0.36171034
15662,0.7243707
15664,0.40752104
15666,0.41107354
15667,0.38765574
15674,0.4640036
15692,0.3787231
15715,0.27605903
15736,0.44073185
15744,0.38780576
15746,0.3197041
15758,0.37696764
15760,0.41061974
15766,0.40998355
15767,0.42881408
15789,0.7074577
15810,0.48523214
15818,0.4110346
15820,0.25426525
15830,0.42591566
15844,0.32754153
15850,0.21813744
15857,0.43662995
15863,0.6521333
15869,0.5073896
15872,0.33081174
15873,0.30879956
15884,0.42700633
15885,0.39790872
15891,0.4300654
15898,0.41614452
15900,0.35676906
15932,0.4458271
15940,0.41566917
15944,0.39474052
15945,0.3594363
15963,0.44868964
15970,0.32704568
15977,0.69846255
15982,0.18750216
15985,0.42881396
15995,0.3868622
16004,0.39302325
16005,0.70229185
16011,0.4634629
16019,0.6868263
16021,0.37454152
16051,0.72767794
16065,0.70760334
16066,0.39723873
16076,0.7271094
16091,0.32678863
16094,0.5618681
16101,0.46994162
16104,0.54732114
16113,0.71044195
16114,0.40697154
16115,0.69375527
16127,0.46630588
16128,0.34156674
16138,0.41273612
16139,0.72088873
16142,0.33919108
16144,0.3732599
16148,0.45205143
16151,0.40813997
16156,0.4260444
16165,0.4077114
16166,0.30610427
16179,0.43613094
16193,0.3840105
16196,0.2913806
16198,0.43522435
16210,0.41533247
16232,0.7287677
16237,0.47927365
16240,0.400377
16252,0.43318883
16259,0.3615276
16262,0.72551066
16263,0.3827216
16270,0.72717494
16272,0.4015297
16290,0.41340163
16295,0.68115157
16297,0.41008177
16299,0.34138387
16300,0.4053126
16302,0.4213637
16303,0.43953922
16305,0.4213748
16309,0.4287936
16312,0.41626844
16320,0.47524455
16326,0.40933612
16327,0.40386567
16338,0.40692377
16342,0.35599053
16346,0.39189538
16348,0.43058324
16355,0.36128747
16356,0.41214606
16378,0.46117586
16382,0.41627866
16391,0.39883715
16392,0.44103912
16395,0.71924305
16399,0.40510273
16403,0.3950474
16408,0.3248646
16413,0.42419016
16415,0.45464927
16417,0.4686833
16420,0.373307
16431,0.37436482
16439,0.4557758
16444,0.4513797
16446,0.08950505
16451,0.40768892
16454,0.31268224
16461,0.45362383
16462,0.41705593
16469,0.42474675
16484,0.37634823
16486,0.46845058
16487,0.36121583
16491,0.46381125
16494,0.49947104
16507,0.68675476
16508,0.47752613
16519,0.3681114
16523,0.37499326
16526,0.5688644
16530,0.3673901
16532,0.480617
16542,0.43828508
16550,0.46152452
16555,0.43955
16558,0.4179568
16567,0.4399132
16576,0.3608773
16579,0.4570801
16595,0.49427292
16598,0.30137005
16600,0.3889421
16604,0.6186038
16605,0.59386027
16607,0.43521708
16610,0.38840923
16612,0.57046556
16617,0.46714392
16625,0.49068803
16632,0.6740395
16634,0.51590306
16650,0.39240697
16654,0.44103912
16655,0.42946196
16656,0.3749753
16657,0.41100407
16660,0.3711898
16662,0.69056195
16669,0.3978327
16675,0.48793185
16676,0.45978972
16678,0.4087455
16679,0.4307462
16693,0.308374
16701,0.5219544
16715,0.4063729
16722,0.43348965
16724,0.36627206
16727,0.43108636
16735,0.43470138
16741,0.47152585
16752,0.27979168
16758,0.4830784
16765,0.41457704
16771,0.35084984
16785,0.30736881
16793,0.41242415
16800,0.5208178
16805,0.34482372
16809,0.27859083
16820,0.46088284
16827,0.45262805
16830,0.3648544
16843,0.6523604
16847,0.47374701
16855,0.5152784
16860,0.46768788
16862,0.4984739
16863,0.37477368
16872,0.30364075
16874,0.27105927
16876,0.41161758
16893,0.41545287
16895,0.53257155
16914,0.645366
16917,0.37168282
16926,0.39389646
16930,0.38351968
16931,0.37681592
16932,0.39858207
16934,0.44740155
16937,0.40245315
16941,0.30595738
16942,0.7118866
16957,0.42580187
16962,0.43478024
16967,0.44550672
16968,0.6274719
16972,0.43926588
16974,0.34577712
16984,0.41399932
16987,0.39885396
16994,0.5521081
16995,0.42436114
16999,0.37122998
17034,0.42917836
17038,0.3882993
17040,0.3462827
17050,0.25683576
17068,0.3220084
17077,0.3557783
17079,0.41008908
17082,0.3986302
17085,0.46217504
17087,0.39049143
17099,0.5266025
17105,0.3883953
17108,0.4594104
17110,0.46580878
17111,0.4119023
17123,0.560824
17124,0.44015378
17130,0.4498194
17138,0.35007846
17143,0.60457337
17157,0.44224373
17160,0.40507564
17166,0.4086717
17167,0.45747757
17179,0.54034257
17180,0.4029604
17189,0.28983173
17197,0.5397708
17219,0.41092077
17223,0.44624794
17225,0.43188587
17229,0.37895933
17234,0.4434182
17235,0.42213374
17239,0.451775
17242,0.4095955
17243,0.44966593
17246,0.43132594
17247,0.31357628
17255,0.48516244
17258,0.5760261
17260,0.5638295
17264,0.3808263
17270,0.49399966
17271,0.49395597
17272,0.40127435
17285,0.3930138
17294,0.3399682
17297,0.39954865
17298,0.36320436
17299,0.3757916
17306,0.43184882
17324,0.34083572
17326,0.39815447
17330,0.40969074
17345,0.381753
17351,0.42543745
17352,0.31438565
17372,0.44079697
17381,0.37763962
17385,0.36395246
17388,0.36931542
17390,0.39846015
17392,0.4134658
17399,0.42901757
17404,0.3811926
17407,0.37486213
17408,0.70095867
17416,0.39672264
17418,0.3829804
17434,0.72288513
17438,0.49735817
17443,0.7157481
17444,0.39222988
17453,0.64043623
17460,0.3984685
17467,0.40142664
17480,0.34356275
17488,0.5292519
17490,0.44472945
17493,0.4132526
17498,0.37801233
17503,0.42841715
17513,0.3977285
17520,0.48477843
17525,0.46910024
17534,0.34423706
17545,0.45538536
17553,0.43115678
17554,0.40463656
17557,0.41378844
17563,0.47717106
17576,0.47621655
17577,0.38389307
17580,0.4368842
17582,0.40003213
17596,0.42654148
17597,0.43650752
17602,0.5527415
17614,0.41486716
17623,0.3791477
17624,0.3863849
17627,0.42841715
17628,0.35381022
17630,0.38851336
17634,0.6701105
17640,0.35586828
17652,0.4960152
17657,0.44509882
17661,0.46386927
17662,0.3720337
17666,0.34799635
17682,0.46557617
17688,0.6784084
17693,0.40864456
17705,0.43451053
17711,0.4230098
17715,0.3749378
17717,0.4185979
17721,0.3997564
17728,0.20052326
17737,0.37415522
17745,0.40047166
17755,0.37284413
17764,0.4062283
17774,0.40116304
17785,0.25900218
17786,0.3923335
17789,0.40691897
17802,0.3465629
17810,0.47622645
17819,0.48844624
17825,0.43033713
17828,0.30373734
17833,0.46133065
17841,0.4695667
17842,0.4453948
17844,0.38591975
17849,0.39242762
17855,0.43112937
17857,0.45817816
17861,0.33901954
17863,0.40102258
17868,0.3697735
17876,0.42281854
17882,0.37860036
17885,0.35718352
17893,0.42953762
17894,0.2882349
17902,0.4690953
17906,0.36209875
17911,0.56882924
17917,0.373282
17921,0.4522103
17941,0.44968733
17945,0.3707865
17949,0.41649264
17954,0.38609287
17957,0.39241877
17958,0.4479845
17960,0.40879562
17985,0.4430472
18000,0.562106
18002,0.48040956
18008,0.26882416
18014,0.4933665
18015,0.6216594
18019,0.4595297
18021,0.418919
18026,0.4443311
18029,0.31267014
18034,0.46732995
18035,0.32244024
18036,0.5455945
18039,0.49478123
18066,0.4037293
18076,0.43775636
18089,0.430774
18104,0.50814617
18110,0.40317073
18129,0.46561772
18131,0.4447658
18133,0.393035
18136,0.3614284
18148,0.44945776
18152,0.24816802
18167,0.39454502
18177,0.3949715
18178,0.34778693
18183,0.38273692
18194,0.41287896
18197,0.6036698
18213,0.25771967
18214,0.30930763
18221,0.24116161
18227,0.24243623
18239,0.70128685
18245,0.46874133
18266,0.4520987
18267,0.60668445
18274,0.22451101
18283,0.41743532
18297,0.25534603
18302,0.41173717
18303,0.43253013
18315,0.41931325
18324,0.3298396
18326,0.45712075
18334,0.37542462
18336,0.35331535
18344,0.41240922
18346,0.4167451
18347,0.42834058
18350,0.41763824
18352,0.41707274
18364,0.41126144
18366,0.40964785
18373,0.4314603
18391,0.42966074
18393,0.35539836
18395,0.37657246
18400,0.4361509
18408,0.40851194
18421,0.3829818
18425,0.41396457
18443,0.27702707
18451,0.4015297
18456,0.41465953
18458,0.4807039
18460,0.31419256
18467,0.54762095
18468,0.4453325
18475,0.5337465
18485,0.2964834
18494,0.4773715
18495,0.61638546
18508,0.43644267
18530,0.4105108
18533,0.36222532
18547,0.39662534
18548,0.38260806
18553,0.3225981
18561,0.38879642
18565,0.6343665
18572,0.37283942
18593,0.34224626
18600,0.42211556
18621,0.41941407
18629,0.58621234
18637,0.38814566
18649,0.39606154
18653,0.398487
18660,0.2731033
18671,0.40965474
18672,0.2907891
18677,0.44991916
18681,0.6989915
18684,0.7190948
18686,0.48324582
18689,0.35589334
18690,0.41414517
18709,0.41303203
18716,0.6025195
18723,0.2866609
18773,0.44244936
18782,0.43573186
18797,0.713363
18810,0.37722707
18817,0.45563814
18820,0.6917835
18825,0.33239692
18837,0.41949812
18850,0.42166463
18857,0.5097476
18861,0.58233243
18867,0.43679452
18870,0.40940514
18877,0.5588727
18887,0.45606372
18898,0.41006657
18900,0.3778115
18914,0.40459052
18921,0.627168
18922,0.41965953
18945,0.4370028
18947,0.4254042
18953,0.39065397
18954,0.40548834
18957,0.43949807
18960,0.46632487
18973,0.2622075
18983,0.61669314
18990,0.3851976
18991,0.4660663
18993,0.40616214
18995,0.42085555
18996,0.37363
19003,0.40881547
19014,0.4603549
19015,0.44166246
19019,0.45601994
19028,0.48554525
19038,0.625813
19040,0.5641464
19046,0.35165915
19051,0.34901887
19054,0.73118407
19056,0.44302797
19074,0.3161402
19085,0.46621156
19099,0.6896883
19124,0.44653502
19134,0.4233538
19141,0.18614474
19146,0.4644784
19150,0.36739552
19170,0.38718772
19176,0.38768056
19187,0.49254078
19189,0.4513351
19202,0.43147573
19208,0.4084717
19209,0.34587052
19210,0.64212227
19216,0.41199172
19217,0.40788567
19218,0.40548593
19223,0.4901583
19240,0.27376536
19246,0.56465125
19269,0.4708649
19275,0.4696372
19287,0.37006828
19298,0.41193792
19303,0.37634823
19313,0.42187443
19325,0.35438418
19326,0.34616944
19328,0.4646344
19330,0.40507933
19340,0.43174312
19342,0.38564432
19343,0.3937056
19344,0.4230599
19363,0.2788781
19364,0.4491486
19371,0.20993988
19376,0.45296317
19377,0.32403708
19381,0.48736528
19384,0.5335206
19390,0.5624623
19402,0.3762493
19405,0.3744096
19409,0.35988057
19418,0.44661844
19429,0.6189893
19446,0.45879877
19458,0.4133538
19460,0.39453864
19462,0.43102807
19465,0.38911816
19472,0.49955168
19480,0.37160715
19503,0.5807264
19507,0.3993667
19517,0.3923748
19533,0.479745
19537,0.43027386
19541,0.38349444
19563,0.4303611
19566,0.45935395
19568,0.6746668
19576,0.40688527
19591,0.41550025
19597,0.61397153
19619,0.4035012
19622,0.51566416
19623,0.4506532
19624,0.38483533
19627,0.47195345
19629,0.44727305
19633,0.40510273
19639,0.31390664
19641,0.3182483
19643,0.3722569
19649,0.39698434
19652,0.64295244
19657,0.376061
19660,0.4460401
19668,0.55800474
19678,0.44170004
19686,0.4590185
19690,0.26452035
19694,0.43523005
19695,0.37161556
19702,0.48382065
19712,0.63124204
19720,0.55245745
19735,0.39494008
19739,0.35376778
19740,0.5397708
19743,0.38287657
19750,0.33025584
19752,0.40544638
19754,0.3779985
19762,0.6674262
19770,0.36836538
19775,0.44777855
19777,0.39208007
19782,0.38183668
19783,0.55803955
19786,0.43912205
19805,0.41323298
19808,0.45971745
19819,0.42802286
19821,0.3541949
19827,0.4051127
19830,0.42191762
19832,0.38410583
19833,0.3566869
19834,0.36235374
19843,0.42157996
19844,0.31955287
19846,0.29593027
19847,0.3031715
19850,0.6663274
19851,0.3396642
19861,0.45417634
19873,0.60854816
19878,0.4002679
19886,0.37052712
19892,0.38851336
19901,0.35039958
19902,0.60852516
19920,0.37866324
19921,0.38270482
19922,0.3306154
19929,0.65223575
19932,0.6519433
19935,0.37780574
19936,0.39521584
19946,0.6101737
19950,0.7262429
19952,0.4116458
19955,0.6183287
19976,0.46317354
19983,0.2748188
19987,0.3510123
19991,0.5521898
19996,0.37441328
20007,0.45556152
20015,0.36622456
20019,0.37724647
20023,0.45397243
20034,0.4045557
20036,0.37033105
20038,0.38946113
20039,0.41963258
20040,0.35530147
20045,0.63297755
20046,0.43910074
20048,0.42594117
20060,0.7044783
20068,0.2214945
20074,0.6761205
20111,0.41242415
20117,0.35378942
20125,0.43361005
20129,0.44644365
20134,0.3261671
20135,0.26007354
20139,0.42910078
20142,0.6135004
20147,0.38851336
20154,0.46144196
20157,0.31794727
20169,0.4733275
20179,0.2627634
20202,0.44628948
20207,0.574299
20215,0.48741165
20216,0.6931433
20217,0.7323062
20218,0.68024224
20219,0.44083303
20226,0.34205106
20236,0.31003264
20239,0.33213672
20246,0.36801445
20247,0.5296773
20253,0.4137096
20255,0.25757402
20268,0.36337698
20270,0.7074577
20271,0.3633716
20279,0.5223813
20282,0.5306643
20295,0.37696666
20302,0.51373845
20305,0.4539075
20306,0.47908688
20308,0.36199197
20330,0.44088873
20335,0.60188246
20344,0.4056227
20349,0.6994505
20360,0.38642806
20362,0.44070804
20378,0.35876745
20394,0.35138687
20397,0.60858625
20403,0.46301037
20405,0.39093196
20415,0.38477805
20417,0.36099014
20420,0.37050256
20425,0.5546898
20430,0.6941953
20435,0.39468282
20443,0.383268
20446,0.5473832
20458,0.43594196
20459,0.47919822
20467,0.4166405
20470,0.6164371
20482,0.47303575
20489,0.46644953
20495,0.37028185
20496,0.44192398
20497,0.46276298
20505,0.69254863
20509,0.6010201
20535,0.42031845
20539,0.578159
20544,0.46800965
20547,0.42094514
20556,0.24388552
20557,0.43901798
20575,0.4103806
20577,0.46075132
20596,0.42107984
20597,0.49973574
20602,0.40749016
20603,0.45650494
20609,0.5426726
20618,0.40304455
20621,0.47358516
20628,0.22750549
20634,0.7074105
20637,0.427425
20641,0.3872242
20642,0.6044889
20647,0.40116075
20655,0.41741306
20656,0.3013251
20661,0.3269674
20664,0.6397628
20674,0.6135004
20679,0.44907635
20680,0.3699753
20683,0.70469356
20687,0.4022997
20688,0.49978998
20695,0.3596857
20696,0.3980869
20699,0.33177182
20701,0.32623026
20702,0.43738824
20704,0.27624923
20721,0.38396034
20725,0.3535689
20731,0.37939587
20741,0.4849063
20742,0.38006502
20753,0.45749164
20756,0.32185718
20769,0.35173145
20771,0.30614358
20774,0.39810315
20777,0.41855335
20781,0.48506987
20797,0.44437984
20808,0.38205114
20810,0.35876745
20820,0.17721201
20823,0.6098737
20829,0.4865512
20832,0.4077852
20833,0.37547955
20837,0.3998328
20838,0.41497272
20839,0.34297526
20847,0.48362795
20861,0.35588366
20869,0.70859224
20875,0.28138325
20877,0.6488492
20889,0.3418643
20894,0.410336
20901,0.4185278
20919,0.48834416
20923,0.38555825
20935,0.43917394
20937,0.39498487
20939,0.60462594
20940,0.39847708
20943,0.36889294
20946,0.37836364
20950,0.39343306
20961,0.69590735
20965,0.3802114
20967,0.7191826
20969,0.45210835
20970,0.39807844
20975,0.50518
20987,0.35803673
20995,0.4562736
20998,0.62503403
21002,0.30619094
21012,0.4688062
21013,0.5568386
21015,0.43757206
21017,0.46826658
21020,0.34157324
21028,0.4033142
21031,0.4471091
21036,0.31205162
21040,0.32629192
21048,0.4841062
21049,0.34159872
21051,0.4215389
21070,0.36638388
21072,0.44443294
21079,0.40300953
21090,0.39778727
21093,0.42219892
21104,0.29667014
21114,0.365259
21117,0.43711057
21120,0.3209479
21121,0.39193463
21132,0.27898905
21136,0.35864225
21139,0.4926768
21140,0.38780576
21146,0.40321425
21150,0.38698503
21178,0.7243707
21180,0.6026225
21198,0.4697876
21203,0.4393982
21210,0.49320576
21218,0.4227943
21220,0.42356166
21222,0.2129227
21228,0.6941953
21236,0.4118841
21239,0.33805948
21260,0.44252247
21267,0.4756653
21271,0.34131128
21279,0.44695085
21286,0.3451663
21288,0.43262297
21294,0.4275332
21298,0.31917813
21299,0.40445808
21300,0.47009698
21304,0.38724142
21307,0.46423018
21309,0.36440223
21311,0.43182445
21331,0.38698253
21332,0.70229185
21342,0.42187798
21345,0.46753165
21348,0.6573135
21353,0.4321325
21357,0.42057693
21369,0.39714998
21370,0.60043937
21371,0.42344946
21373,0.08441188
21385,0.43374288
21392,0.47587088
21401,0.4994149
21403,0.45121604
21406,0.6586271
21413,0.71877795
21414,0.7215622
21416,0.7243707
21423,0.59814054
21442,0.45688635
21443,0.4070593
21448,0.4378676
21459,0.44848576
21467,0.44967
21474,0.40629098
21484,0.6476413
21488,0.4277504
21495,0.36272174
21498,0.4160341
21502,0.42623445
21503,0.42442468
21510,0.43382084
21516,0.65616506
21533,0.663939
21535,0.4243471
21539,0.46970642
21541,0.38183218
21544,0.4348319
21554,0.40006185
21569,0.3858366
21572,0.54167664
21578,0.46105003
21580,0.4057944
21584,0.29758912
21589,0.61760837
21595,0.39113623
21598,0.37533087
21599,0.4274197
21606,0.417147
21623,0.40621665
21639,0.43153808
21641,0.38492686
21645,0.39279962
21647,0.3959061
21648,0.3650697
21657,0.4328455
21671,0.3956221
21673,0.43145794
21678,0.34768003
21696,0.44617057
21699,0.35781825
21700,0.3239297
21703,0.44182062
21710,0.4635598
21721,0.43600324
21727,0.3011561
21728,0.45378637
21731,0.41820115
21741,0.37363
21744,0.43424034
21748,0.37383494
21753,0.3734846
21756,0.49404263
21763,0.36757767
21767,0.46205783
21772,0.6704702
21774,0.3597725
21775,0.41914144
21780,0.4573561
21787,0.3751594
21805,0.38787505
21828,0.44572318
21831,0.3561455
21837,0.3706067
21842,0.43054456
21849,0.35472724
21856,0.37153184
21858,0.43826336
21862,0.34703764
21864,0.3236588
21867,0.4415807
21879,0.4487596
21881,0.4175013
21883,0.40011805
21891,0.3821286
21892,0.49320576
21902,0.4525951
21909,0.40032467
21914,0.48690265
21918,0.31996927
21919,0.3268231
21926,0.48273256
21930,0.39833498
21934,0.42655328
21940,0.42308754
21945,0.42039415
21948,0.5694794
21953,0.34297526
21954,0.4580983
21956,0.44736198
21963,0.45831248
21970,0.41477287
21984,0.2999375
21997,0.39211515
21999,0.41485307
22001,0.3698801
22002,0.4080537
22010,0.3090693
22013,0.35748866
22022,0.36708587
22024,0.36369616
22028,0.24967507
22029,0.63452625
22045,0.3696145
22049,0.38501525
22064,0.3942794
22069,0.36059016
22074,0.40627465
22082,0.33449125
22084,0.45085597
22090,0.73143905
22096,0.4887262
22100,0.36898503
22105,0.4019258
22119,0.41350478
22130,0.45766953
22152,0.43831292
22155,0.44041023
22164,0.289574
22173,0.4204013
22194,0.33193687
22209,0.36770284
22217,0.3349141
22220,0.45232707
22222,0.6612291
22244,0.26571086
22245,0.40898868
22250,0.37119126
22256,0.692011
22261,0.64452326
22264,0.41876382
22270,0.41175294
22279,0.57183886
22280,0.33948275
22284,0.33119726
22288,0.38572818
22293,0.42712387
22297,0.71795183
22307,0.47642645
22310,0.39421
22319,0.436319
22324,0.35673684
22326,0.37644184
22327,0.30158272
22329,0.40694055
22331,0.491857
22340,0.55541223
22342,0.4268868
22347,0.40460947
22351,0.42726606
22357,0.37413514
22361,0.41738605
22371,0.42694035
22373,0.539242
22391,0.46464953
22404,0.44866237
22409,0.44173032
22411,0.42804638
22428,0.39883715
22436,0.3867396
22444,0.46039712
22445,0.37658072
22451,0.34048605
22463,0.36143038
22464,0.32911795
22467,0.70229185
22472,0.39041907
22485,0.6658265
22497,0.44016683
22504,0.72309405
22508,0.38857895
22516,0.3628698
22522,0.30825335
22527,0.43047944
22543,0.49960276
22549,0.27597472
22551,0.4462026
22557,0.41130212
22562,0.3212969
22567,0.39682353
22572,0.41400528
22575,0.41599396
22578,0.41946873
22579,0.4122751
22580,0.35019296
22581,0.36827254
22591,0.47157827
22593,0.29480147
22597,0.33827743
22600,0.6824417
22602,0.43730137
22603,0.39365223
22616,0.4188743
22617,0.3933915
22622,0.28336182
22623,0.4128604
22624,0.47107294
22628,0.41227567
22640,0.36824048
22641,0.3771878
22653,0.42360288
22660,0.4348319
22672,0.4554481
22674,0.38381326
22689,0.41527963
22698,0.37044826
22705,0.3860111
22709,0.6329749
22711,0.39472902
22714,0.5969254
22715,0.41149035
22729,0.43359572
22730,0.4296498
22733,0.44024342
22750,0.298763
22754,0.41246757
22756,0.4095896
22758,0.48532647
22767,0.4669986
22768,0.2660518
22769,0.42628866
22776,0.4695667
22778,0.36879036
22780,0.49806103
22789,0.43372324
22797,0.43688074
22799,0.41788936
22814,0.27700552
22818,0.4539174
22821,0.4249724
22823,0.4625626
22841,0.19044827
22847,0.38936612
22848,0.39577425
22862,0.38443762
22875,0.5683713
22877,0.46603835
22887,0.40918064
22892,0.45194864
22899,0.4090822
22901,0.37475196
22907,0.434158
22909,0.7200669
22926,0.36033663
22927,0.39577684
22930,0.3756477
22934,0.40629515
22937,0.396514
22939,0.6689256
22949,0.37719306
22951,0.7235159
22955,0.33900818
22965,0.7048651
22966,0.7031449
22968,0.69577044
22972,0.70340455
22975,0.7018103
22981,0.41796118
22988,0.71924305
22994,0.3464546
22996,0.7200669
23011,0.68129367
23028,0.70342326
23031,0.36312345
23035,0.33897144
23038,0.72584057
23042,0.6971645
23049,0.4573697
23051,0.7067175
23053,0.26904714
23057,0.5617033
23058,0.7243707
23063,0.42064148
23064,0.38614452
23067,0.43473932
23071,0.41631597
23075,0.59869415
23077,0.73118407
23090,0.35105988
23094,0.7243707
23097,0.3697594
23103,0.36026013
23107,0.6765216
23117,0.37342662
23122,0.40120336
23124,0.36131096
23126,0.7219616
23129,0.69590735
23136,0.70242906
23141,0.34914336
23142,0.68568736
23147,0.3768726
23154,0.713363
23159,0.4593941
23165,0.72332203
23171,0.6778963
23173,0.03276979
23175,0.36117876
23179,0.66437334
23182,0.71489745
23185,0.7112265
23188,0.375472
23189,0.3853107
23209,0.35725337
23214,0.6442003
23215,0.39416754
23233,0.4273699
23241,0.67711014
23252,0.41329366
23255,0.6926038
23263,0.3528019
23281,0.31301394
23282,0.418066
23289,0.4624698
23292,0.46771288
23296,0.39924595
23297,0.40892074
23301,0.34694895
23302,0.72584057
23304,0.41230312
23309,0.446767
23312,0.69924414
23316,0.37220728
23321,0.45517057
23342,0.37938604
23344,0.3797982
23350,0.41109234
23367,0.5281225
23368,0.3696254
23374,0.30399758
23387,0.40539443
23389,0.61102015
23399,0.43130597
23403,0.37150842
23406,0.7016132
23414,0.45005468
23415,0.2846074
23419,0.71795183
23436,0.42216277
23439,0.71877795
23444,0.70760334
23445,0.37016833
23455,0.40497947
23469,0.33199704
23472,0.3766247
23477,0.32346174
23478,0.69924414
23479,0.4060169
23487,0.35523742
23490,0.38752794
23491,0.4634629
23492,0.426528
23494,0.47086686
23496,0.41393256
23497,0.3790382
23506,0.41664052
23515,0.40949875
23528,0.27793115
23532,0.37108478
23549,0.29366705
23551,0.41475692
23552,0.3767728
23555,0.3734108
23556,0.37529916
23564,0.71924305
23583,0.43905887
23592,0.6726672
23597,0.5633019
23601,0.39720368
23605,0.69563454
23615,0.39575055
23619,0.40088996
23621,0.7273899
23626,0.70447963
23635,0.5554981
23637,0.4094826
23640,0.3520533
23646,0.4368113
23655,0.33864838
23672,0.43172413
23673,0.38851336
23682,0.38491845
23683,0.7067175
23699,0.34864834
23704,0.68129367
23707,0.70295036
23713,0.4496557
23714,0.39277864
23716,0.6778963
23718,0.67791736
23721,0.3108165
23735,0.3653925
23737,0.45308006
23744,0.3959098
23749,0.7203266
23755,0.45023987
23769,0.7243707
23772,0.5042266
23773,0.2733341
23774,0.72288513
23779,0.24688856
23782,0.7058206
23793,0.72767794
23803,0.6942809
23828,0.70550793
23833,0.7118526
23834,0.41270813
23844,0.3663885
23845,0.72584057
23852,0.462825
23855,0.70008224
23867,0.36337596
23872,0.68834925
23874,0.7031934
23880,0.2737835
23886,0.37596864
23898,0.42315236
23900,0.2710008
23903,0.27428627
23907,0.45194164
23908,0.43584484
23912,0.24867481
23916,0.41599965
23917,0.7190948
23918,0.3796131
23922,0.42670435
23928,0.42726037
23940,0.6957907
23944,0.40058443
23945,0.69551784
23951,0.31702045
23966,0.4485731
23970,0.45749894
23971,0.43220645
23976,0.6971645
23980,0.3994333
23987,0.72288513
23988,0.38926902
23993,0.39161882
23997,0.44409
23998,0.31268224
23999,0.67791736
24010,0.7191826
24015,0.7203266
24023,0.36299932
24033,0.40957215
24046,0.5513031
24060,0.38698897
24062,0.47303575
24065,0.6971645
24070,0.70760334
24071,0.2405941
24073,0.45637017
24079,0.37639052
24082,0.69069815
24084,0.44576806
24089,0.3955436
24094,0.3462357
24100,0.3906671
24105,0.34007666
24106,0.4176147
24108,0.72551066
24111,0.70467126
24120,0.47335464
24125,0.38252494
24134,0.71924305
24140,0.40816942
24151,0.43832842
24153,0.2676513
24154,0.70342326
24161,0.36412916
24166,0.36344665
24170,0.6442003
24176,0.4438633
24182,0.6909947
24188,0.34772217
24190,0.37405282
24201,0.71271473
24211,0.38468122
24215,0.72172785
24216,0.69551784
24219,0.40484068
24222,0.6900362
24240,0.73203164
24243,0.39053947
24245,0.32183853
24251,0.34346917
24256,0.7031449
24258,0.3740199
24261,0.43319446
24263,0.3690881
24264,0.38280824
24266,0.38829762
24273,0.39665586
24278,0.38192812
24289,0.7277816
24292,0.3785754
24293,0.39511853
24298,0.72309405
24299,0.4659821
24303,0.67791736
24304,0.42817795
24305,0.41355014
24329,0.41071865
24341,0.37856686
24345,0.72551066
24353,0.42023116
24358,0.7200669
24364,0.5416422
24367,0.5089541
24370,0.5632843
24377,0.42626864
24380,0.38651586
24381,0.41052094
24387,0.36360523
24391,0.40167865
24409,0.7201341
24413,0.3882599
24416,0.35016614
24427,0.67062527
24439,0.29270902
24443,0.4267977
24448,0.3849554
24454,0.70509833
24455,0.40050188
24461,0.45816404
24464,0.47195345
24468,0.394763
24469,0.4545467
24501,0.39790872
24508,0.4279687
24519,0.39454502
24520,0.70479774
24538,0.6920689
24540,0.71877795
24550,0.36953217
24552,0.42991558
24561,0.4721299
24577,0.7084506
24579,0.40046266
24580,0.40615654
24582,0.40947464
24591,0.4030519
24592,0.37395868
24599,0.42215183
24602,0.3174341
24606,0.3587865
24617,0.43325335
24619,0.41267273
24630,0.21871828
24633,0.7299895
24634,0.4833845
24638,0.3588053
24641,0.40147352
24644,0.4769024
24645,0.7217674
24656,0.41911247
24661,0.3242543
24663,0.5583843
24667,0.41407868
24669,0.70229185
24682,0.41199553
24698,0.39499432
24699,0.69149363
24702,0.40918276
24703,0.71795183
24717,0.39810738
24724,0.7004351
24731,0.38315943
24737,0.44353154
24740,0.46257004
24743,0.45216155
24744,0.7243707
24755,0.7176376
24757,0.38226596
24765,0.677776
24766,0.3012377
24776,0.5617033
24787,0.7203356
24789,0.43550363
24791,0.20753184
24792,0.4543111
24804,0.18348713
24812,0.4135485
24816,0.4781478
24817,0.46583948
24820,0.40150043
24828,0.5129504
24832,0.3481867
24836,0.47091317
24842,0.7195033
24846,0.46693206
24847,0.4086845
24848,0.72584057
24851,0.55610955
24855,0.71271473
24856,0.4270367
24871,0.71924305
24874,0.48166957
24877,0.31101254
24889,0.4264067
24897,0.47275862
24899,0.71877795
24908,0.45718277
24913,0.5281225
24923,0.43407622
24933,0.40730858
24971,0.39554664
24973,0.72309405
24993,0.7214798
24998,0.70229185
25000,0.73030657
25001,0.7234064
25002,0.39332455
25003,0.7222077
25009,0.40826628
25024,0.37041056
25026,0.4202627
25027,0.6916766
25034,0.42874095
25050,0.4108095
25057,0.3469626
25067,0.40795317
25075,0.42175058
25081,0.38022724
25085,0.4264959
25093,0.39962247
25097,0.4314169
25103,0.39938173
25104,0.7030773
25109,0.41164246
25112,0.45569783
25113,0.38847297
25114,0.46625075
25119,0.44869894
25121,0.47219253
25122,0.5099443
25124,0.7200669
25131,0.38015333
25134,0.46911934
25144,0.43867388
25147,0.7243707
25148,0.7200669
25149,0.49424967
25155,0.71877795
25169,0.42550194
25177,0.66762817
25178,0.39939356
25179,0.36779323
25180,0.7048651
25191,0.70236653
25199,0.4575974
25232,0.45749894
25241,0.43184713
25242,0.46764773
25243,0.45309833
25246,0.4628362
25259,0.7023585
25265,0.5575806
25278,0.7262429
25280,0.4469846
25284,0.40002695
25286,0.5618681
25288,0.48445433
25318,0.7182201
25330,0.70550793
25333,0.3922367
25339,0.29093483
25340,0.71044195
25346,0.35289237
25349,0.7195033
25351,0.32474056
25361,0.6765216
25366,0.38206413
25368,0.69149363
25369,0.33919576
25370,0.72172785
25375,0.065054886
25376,0.72584057
25377,0.3558876
25379,0.39668807
25382,0.72767794
25386,0.72423714
25389,0.72183245
25399,0.44394353
25400,0.7323062
25401,0.5182272
25407,0.39694735
25409,0.41490266
25412,0.52027136
25416,0.45794418
25418,0.4171945
25423,0.42078313
25436,0.38023877
25439,0.31167102
25442,0.38147265
25445,0.72423714
25446,0.43749598
25453,0.362317
25456,0.7277908
25458,0.7227805
25460,0.4048918
25461,0.40960327
25468,0.46785435
25470,0.30413187
25471,0.48735303
25482,0.4336546
25501,0.70628047
25504,0.69838417
25515,0.39315137
25518,0.44337562
25528,0.45532572
25533,0.43562132
25543,0.37805876
25548,0.4094454
25564,0.42109457
25572,0.7211612
25576,0.32346666
25577,0.5618681
25587,0.34836164
25591,0.45097482
25596,0.443694
25598,0.44622847
25617,0.34470198
25618,0.7111632
25620,0.44116575
25623,0.36283067
25626,0.42474398
25628,0.40711868
25633,0.6930837
25637,0.40535486
25644,0.46802256
25662,0.373282
25663,0.61525506
25673,0.43287283
25678,0.3807703
25685,0.36689064
25691,0.44368488
25706,0.44024077
25707,0.43181753
25723,0.395254
25725,0.42173153
25735,0.67668587
25740,0.39815447
25759,0.38837788
25761,0.39029264
25769,0.2985265
25774,0.46765515
25779,0.68129236
25781,0.43418542
25784,0.6948297
25790,0.6442003
25796,0.4281315
25816,0.42916253
25847,0.42898962
25850,0.44243154
25852,0.43058854
25856,0.36886972
25866,0.42241025
25867,0.5553395
25868,0.3835139
25869,0.7215622
25877,0.73118407
25878,0.38556415
25890,0.7271094
25898,0.72172785
25899,0.36262476
25906,0.69946676
25907,0.72717494
25915,0.69056195
25932,0.56228316
25939,0.43273562
25946,0.7185561
25951,0.7031449
25959,0.69590735
25961,0.32947716
25964,0.72309405
25969,0.39348498
25980,0.39998
25986,0.46180046
25992,0.35898837
25998,0.39700192
26000,0.69577044
26006,0.4348319
26009,0.42796862
26016,0.6554484
26023,0.58923054
26038,0.7260394
26041,0.46688652
26050,0.44842038
26051,0.73030657
26057,0.43208835
26060,0.2151422
26062,0.47860765
26067,0.72288513
26068,0.38845047
26072,0.43743148
26074,0.43488586
26075,0.32417908
26081,0.71924305
26108,0.72348696
26112,0.7044955
26113,0.40646246
26115,0.45812702
26122,0.383625
26139,0.24904794
26162,0.703072
26165,0.41968158
26173,0.37329173
26177,0.6765216
26179,0.41715205
26184,0.34529746
26190,0.4134074
26204,0.3999354
26205,0.29879367
26212,0.44611523
26215,0.36337596
26227,0.42966074
26232,0.7183272
26237,0.72025913
26246,0.3312188
26248,0.7203358
26249,0.43749598
26260,0.71000475
26263,0.41508037
26267,0.7123859
26269,0.4426992
26271,0.71354306
26273,0.42113042
26286,0.7040607
26297,0.43372324
26309,0.38826972
26313,0.34961063
26319,0.451988
26329,0.46871987
26330,0.7094648
26333,0.4206397
26361,0.6304685
26366,0.7032777
26376,0.6979587
26378,0.5824782
26382,0.41327327
26389,0.42665452
26391,0.48934704
26401,0.4785394
26415,0.39972872
26419,0.44803464
26421,0.7246581
26422,0.44025365
26423,0.68129236
26424,0.6080512
26441,0.49441704
26442,0.43425936
26446,0.46159732
26447,0.36256185
26448,0.39397386
26451,0.42438534
26459,0.47717458
26465,0.41031823
26476,0.43335927
26481,0.41703472
26487,0.64592105
26501,0.4628362
26513,0.68548614
26517,0.48745993
26527,0.7070131
26534,0.7045844
26535,0.7146934
26545,0.343889
26550,0.49787143
26558,0.45057505
26571,0.7107792
26573,0.7203358
26575,0.39334986
26578,0.6489282
26583,0.70790106
26590,0.38481873
26593,0.4202268
26602,0.42118058
26606,0.46775335
26613,0.7053361
26615,0.40367863
26618,0.42416647
26628,0.7203358
26630,0.47098434
26635,0.4859432
26645,0.37525067
26648,0.34711266
26651,0.34038708
26660,0.4162201
26663,0.4083525
26664,0.4156172
26665,0.415035
26673,0.46415782
26675,0.36675873
26676,0.4704796
26677,0.41625255
26679,0.637471
26687,0.47908688
26689,0.5424447
26697,0.44031122
26737,0.7151016
26747,0.71121967
26748,0.45548588
26749,0.4921251
26754,0.650575
26759,0.41982764
26760,0.7104011
26765,0.42228496
26769,0.42640728
26771,0.35411483
26776,0.41835254
26778,0.48626184
26780,0.39807844
26783,0.22596982
26785,0.4583511
26800,0.3995387
26804,0.45957586
26812,0.3770359
26816,0.25528377
26823,0.7163737
26834,0.70791304
26836,0.44556573
26841,0.43140614
26845,0.4537259
26849,0.4405304
26854,0.46277258
26858,0.44413027
26860,0.20139481
26866,0.34980336
26871,0.2479462
26873,0.7260235
26905,0.47516173
26907,0.46486074
26920,0.45332012
26924,0.21464689
26930,0.43562132
26942,0.39044523
26944,0.38034934
26949,0.7206085
26952,0.7159936
26956,0.5042388
26973,0.43372324
26977,0.40379745
26993,0.44595662
26997,0.47591224
26999,0.3989697
27021,0.41647187
27023,0.40908155
27025,0.21986431
27027,0.430058
27032,0.6966336
27034,0.44067284
27036,0.38780576
27045,0.3377779
27050,0.43205193
27051,0.4166045
27055,0.40745834
27056,0.42594594
27060,0.43170244
27061,0.71904767
27066,0.6980684
27070,0.3396446
27073,0.23951815
27077,0.43726143
27085,0.43096954
27086,0.4183518
27099,0.7021168
27105,0.7193628
27109,0.36646998
27125,0.4207731
27135,0.6474721
27139,0.36962354
27140,0.7046145
27141,0.38301542
27142,0.3282841
27144,0.42029923
27148,0.42693
27154,0.43573862
27162,0.6474721
27175,0.38289893
27176,0.4038775
27178,0.45749894
27197,0.35667428
27204,0.33861935
27205,0.37775496
27206,0.23131514
27207,0.35902473
27216,0.3844716
27230,0.35038853
27234,0.45210454
27241,0.42648476
27249,0.7146934
27251,0.42457274
27252,0.46978292
27256,0.4590515
27257,0.44473588
27263,0.48020023
27268,0.43912205
27269,0.3599184
27276,0.3524554
27279,0.61765933
27288,0.7083734
27295,0.44613943
27299,0.7022293
27302,0.37774685
27304,0.36374915
27316,0.3759611
27318,0.34611526
27330,0.42791858
27333,0.41008106
27335,0.4855556
27339,0.3760555
27341,0.6897706
27342,0.3833249
27345,0.46585283
27347,0.38712862
27354,0.47424272
27361,0.30923057
27375,0.69553626
27387,0.7260057
27390,0.6325665
27392,0.71863574
27399,0.42013574
27403,0.40112334
27410,0.7197753
27423,0.44284007
27429,0.42767167
27432,0.48451883
27436,0.39949226
27437,0.51103055
27441,0.46741915
27444,0.4289776
27445,0.3351451
27448,0.41386825
27454,0.45525378
27459,0.41226166
27465,0.36372295
27478,0.64738005
27479,0.46923095
27481,0.70208955
27483,0.36894533
27486,0.38022724
27498,0.377514
27505,0.40639746
27507,0.4126753
27509,0.35531723
27514,0.3390803
27527,0.7163737
27535,0.41599965
27544,0.45522887
27545,0.3649951
27556,0.49601337
27563,0.39061418
27569,0.40213972
27585,0.38851336
27589,0.3176386
27605,0.39581606
27608,0.7159936
27609,0.3615276
27611,0.38693237
27621,0.3476253
27626,0.54669374
27629,0.38342324
27645,0.7162466
27651,0.32832503
27654,0.43424034
27656,0.65694416
27663,0.64738005
27673,0.38660032
27677,0.34152824
27678,0.30149886
27680,0.4272528
27681,0.7065385
27684,0.40884092
27688,0.4230191
27706,0.4250149
27709,0.3616537
27720,0.42516655
27722,0.42511392
27733,0.42585173
27734,0.34724864
27739,0.37820387
27746,0.72378683
27751,0.7190701
27755,0.42046762
27777,0.38516128
27783,0.32383555
27795,0.40992793
27805,0.39734054
27811,0.48540825
27815,0.41163608
27823,0.38665727
27856,0.4103423
27873,0.442993
27883,0.3796832
27885,0.62844884
27887,0.692443
27899,0.4160523
27921,0.39654943
27924,0.39634475
27927,0.4077772
27929,0.38688323
27932,0.3623031
27943,0.7321275
27945,0.7212241
27952,0.40053982
27957,0.46465346
27960,0.42684242
27966,0.4275857
27968,0.5569208
27980,0.52337873
27984,0.41350618
27994,0.41915208
27995,0.7159936
28002,0.6473062
28004,0.7014724
28006,0.41055372
28028,0.37911227
28042,0.72222483
28043,0.7272113
28055,0.4135485
28061,0.7034234
28063,0.36004105
28077,0.4084078
28090,0.6988602
28093,0.42361444
28095,0.36818126
28096,0.47660348
28098,0.714911
28099,0.4712393
28111,0.3726603
28115,0.38450792
28123,0.34513107
28125,0.4224939
28126,0.7246581
28129,0.70477235
28131,0.32272157
28139,0.41187432
28146,0.43023267
28153,0.4387498
28155,0.38418505
28160,0.45560458
28166,0.41865137
28167,0.45851594
28176,0.44796956
28185,0.4446271
28187,0.70048964
28195,0.7167845
28203,0.29243773
28206,0.42811137
28209,0.46415782
28210,0.33291364
28211,0.3710871
28216,0.38235763
28234,0.40455866
28235,0.710229
28248,0.38786373
28255,0.40822494
28266,0.37646878
28277,0.36034426
28286,0.42197865
28288,0.37230435
28289,0.39632392
28290,0.39041907
28296,0.37202847
28300,0.5763538
28306,0.42018965
28307,0.30961555
28309,0.32477126
28327,0.48925707
28336,0.3839835
28345,0.3442381
28355,0.46481422
28361,0.19611719
28362,0.3659142
28374,0.4190998
28380,0.40075204
28381,0.56462663
28393,0.4087153
28394,0.37871075
28405,0.46132225
28413,0.3615276
28426,0.70999646
28428,0.42796567
28429,0.70858735
28442,0.42196235
28445,0.36765885
28457,0.69813555
28459,0.46629107
28462,0.43504485
28478,0.40665138
28490,0.41580573
28492,0.3999362
28499,0.33244854
28500,0.61394584
28506,0.7070406
28509,0.3873965
28513,0.38407055
28516,0.42503724
28519,0.6474721
28526,0.4329333
28527,0.38689265
28528,0.40492666
28533,0.33945018
28547,0.2999814
28551,0.47811237
28563,0.4803331
28566,0.4687644
28568,0.42231962
28580,0.44105577
28589,0.36773172
28590,0.71904767
28606,0.40472683
28613,0.3451985
28615,0.41722047
28619,0.720201
28629,0.37558743
28633,0.40822956
28635,0.62986314
28646,0.44674852
28648,0.4638
28651,0.32159802
28660,0.6980002
28681,0.69799626
28693,0.39885396
28696,0.3523557
28703,0.4010531
28709,0.3828654
28712,0.70236653
28718,0.34644893
28719,0.3760555
28727,0.42325586
28730,0.50455856
28732,0.72378683
28740,0.38223106
28747,0.71742636
28752,0.68967056
28757,0.50578946
28764,0.42874247
28765,0.31641006
28770,0.7118206
28772,0.50515664
28783,0.4027871
28786,0.48456013
28796,0.34673643
28799,0.47759426
28806,0.48116824
28807,0.3735632
28815,0.44246578
28818,0.38766024
28823,0.4049195
28824,0.40293506
28831,0.7150966
28834,0.42322555
28841,0.40763384
28848,0.7175022
28882,0.33314988
28884,0.41197148
28904,0.4585326
28907,0.48530748
28919,0.4837057
28920,0.44190946
28928,0.42121547
28935,0.15554045
28936,0.23616989
28945,0.3666151
28950,0.40432304
28957,0.71651524
28963,0.28928268
28974,0.697583
28980,0.44355664
28988,0.42816392
28999,0.37279177
29001,0.45787406
29004,0.20897068
29006,0.38206863
29012,0.4243869
29018,0.7246581
29027,0.36486396
29030,0.28608334
29032,0.40983823
29039,0.3334878
29043,0.5609344
29056,0.45497146
29064,0.72182786
29068,0.32330236
29069,0.29898158
29074,0.41320986
29076,0.38238752
29085,0.34057254
29088,0.7083021
29091,0.33906177
29092,0.4712042
29093,0.3238285
29094,0.40434346
29108,0.66539764
29114,0.48560697
29115,0.4376271
29118,0.4359686
29125,0.41245157
29127,0.72181886
29150,0.3632461
29152,0.25171426
29155,0.47743937
29165,0.43932995
29167,0.6978081
29174,0.5222581
29180,0.4095955
29185,0.43059584
29190,0.41079983
29192,0.6910355
29194,0.36427513
29220,0.4141924
29231,0.43686548
29237,0.44871026
29240,0.33364266
29247,0.40075418
29256,0.3794179
29275,0.4733709
29278,0.4425186
29280,0.41894433
29286,0.43127537
29288,0.43867388
29305,0.45539424
29327,0.62713224
29329,0.35832
29333,0.396514
29335,0.3982691
29342,0.7194733
29344,0.3508103
29353,0.3997403
29358,0.39415765
29373,0.24601074
29392,0.5618681
29393,0.41599825
29395,0.72063506
29403,0.4250967
29405,0.44881397
29410,0.39599153
29423,0.39976752
29427,0.66005707
29429,0.40915975
29432,0.38699746
29440,0.7246581
29447,0.40673348
29448,0.34065297
29452,0.43162817
29455,0.4108095
29461,0.48457277
29466,0.35384718
29474,0.39869466
29476,0.35575524
29486,0.40037382
29494,0.401833
29497,0.44157967
29505,0.44044158
29511,0.7175022
29516,0.7163737
29522,0.39673698
29523,0.43094507
29524,0.48273435
29529,0.4635097
29533,0.31130955
29535,0.4157716
29548,0.43059787
29551,0.39994377
29563,0.30240217
29574,0.48256794
29575,0.3630636
29592,0.30963144
29599,0.472377
29608,0.30725086
29613,0.6021531
29620,0.4331216
29630,0.529506
29637,0.34879607
29638,0.4415858
29643,0.41435084
29648,0.25546467
29657,0.40897712
29659,0.39459834
29662,0.40122744
29665,0.38159004
29699,0.63648516
29706,0.40216073
29715,0.48315442
29716,0.44130388
29717,0.4309147
29721,0.47842783
29731,0.49343696
29735,0.46314234
29739,0.36247325
29742,0.4418999
29747,0.62115026
29749,0.4550252
29754,0.68458337
29773,0.47669393
29777,0.38825622
29779,0.34587896
29783,0.36733574
29786,0.34287775
29805,0.52871037
29811,0.39822727
29812,0.38422614
29815,0.40940514
29819,0.4650018
29833,0.44989264
29847,0.46591607
29854,0.47817975
29856,0.3324871
29859,0.39474893
29864,0.41377035
29865,0.43791264
29867,0.46512607
29885,0.37647703
29894,0.4055223
29900,0.40740368
29910,0.48096463
29928,0.39433515
29942,0.3508718
29951,0.46424457
29953,0.61310446
29962,0.39168316
29968,0.38932398
29974,0.46258903
29980,0.3660442
29987,0.2679084
29993,0.4144019
30001,0.4816663
30005,0.4151313
30015,0.3987956
30034,0.21362263
30041,0.43323615
30044,0.44899356
30058,0.21008074
30061,0.6817204
30064,0.71045774
30065,0.41503757
30069,0.41233242
30074,0.3557628
30076,0.38856924
30080,0.5634187
30086,0.40097925
30087,0.4289339
30092,0.30274248
30093,0.7034234
30096,0.41613528
30097,0.72025913
30098,0.46516892
30102,0.7242806
30106,0.39399865
30110,0.48953483
30111,0.7162648
30122,0.39045018
30128,0.3503774
30130,0.4484466
30131,0.3308158
30132,0.7032195
30135,0.4012748
30137,0.6335445
30157,0.5617033
30158,0.43772653
30162,0.4458678
30170,0.52761114
30174,0.44272915
30195,0.7159936
30196,0.39201522
30204,0.43036547
30207,0.715425
30209,0.7162556
30212,0.4015142
30221,0.409071
30225,0.7034234
30229,0.4908962
30231,0.41369092
30233,0.41839612
30237,0.637577
30239,0.60694444
30242,0.60957867
30244,0.34262303
30249,0.39057198
30262,0.4043694
30286,0.37098864
30292,0.3598336
30303,0.3178474
30320,0.39876816
30322,0.4635234
30355,0.4245278
30356,0.41186595
30372,0.46262118
30375,0.40660596
30379,0.40138203
30384,0.42219216
30386,0.48285973
30394,0.4739217
30395,0.44911963
30396,0.34229663
30397,0.37062874
30402,0.5069125
30413,0.46339735
30416,0.35943258
30420,0.39236343
30422,0.44844756
30432,0.38295317
30434,0.4043185
30438,0.4157862
30444,0.33304474
30446,0.71474564
30455,0.4079094
30457,0.44747886
30459,0.4274354
30463,0.6988602
30468,0.47982097
30477,0.39718968
30478,0.38786006
30481,0.40977114
30482,0.32276317
30487,0.46245447
30491,0.41115618
30496,0.71271473
30501,0.44518644
30506,0.3832886
30511,0.3648516
30513,0.42316458
30516,0.4106544
30520,0.48054728
30531,0.396437
30542,0.7203358
30555,0.41576585
30557,0.4251597
30568,0.5056015
30570,0.7075591
30584,0.31378105
30594,0.7094648
30614,0.39511853
30617,0.38692364
30618,0.47768134
30631,0.37206873
30632,0.44174683
30634,0.46763438
30636,0.42042458
30637,0.41686141
30639,0.38780576
30647,0.39036667
30649,0.44025564
30656,0.38745978
30660,0.39901918
30665,0.4590936
30669,0.3631352
30681,0.6490745
30683,0.44382647
30687,0.47298008
30694,0.69037837
